accession,sequence,location
P04637,MEEPQSDPSVEPPLSQETFSDLWKLLPENNVLSPLPSQAMDDLMLSPDDIEQWFTEDPGPDEAPRMPEAAPPVAPAPAAPTPAAPAPAPSWPLSSSVPSQKTYQGSYGFRLGFLHSGTAKSVTCTYSPALNKMFCQLAKTCPVQLWVDSTPPPGTRVRAMAIYKQSQHMTEVVRRCPHHERCSDSDGLAPPQHLIRVEGNLRVEYLDDRNTFRHSVVVPYEPPEVGSDCTTIHYNYMCNSSCMGGMNRRPILTIITLEDSSGNLLGRNSFEVRVCACPGRDRRTEEENLRKKGEPHHELPPGSTKRALPNNTSSSPQPKKKPLDGEYFTLQIRGRERFEMFRELNEALELKDAQAGKEPGGSRAHSSHLKSKKGQSTSRHKKLMFKTEGPDSD,nucleus
P08047,MSDQDHSMDEMTAVVKIEKGVGGNNGGNGNGGGAFSQARSSSTGSSSSTGGGGQESQPSPLALLAATCSRIESPNENSNNSQGPSQSGGTGELDLTATQLSQGANGWQIISSSSGATPTSKEQSGSSTNGSNGSESSKNRTVSGGQYVVAAAPNLQNQQVLTGLPGVMPNIQYQVIPQFQTVDGQQLQFAATGAQVQQDGSGQIQIIPGANQQIITNRGSGGNIIAAMPNLLQQAVPLQGLANNVLSGQTQYVTNVPVALNGNITLLPVNSVSAATLTPSSQAVTISSSGSQESGSQPVTSGTTISSASLVSSQASSSSFFTNANSYSTTTTTSNMGIMNFTTSGSSGTNSQGQTPQRVSGLQGSDALNIQQNQTSGGSLQAGQQKEGEQNQQTQQQQILIQPQLVQGGQALQALQAAPLSGQTFTTQAISQETLQNLQLQAVPNSGPIIIRTPTVGPNGQVSWQTLQLQNLQVQNPQAQTITLAPMQGVSLGQTSSSNTTLTPIASAASIPAGTVTVNAAQLSSMPGLQTINLSALGTSGIQVHPIQGLPLAIANAPGDHGAQLGLHGAGGDGIHDDTAGGEEGENSPDAQPQAGRRTRREACTCPYCKDSEGRGSGDPGKKKQHICHIQGCGKVYGKTSHLRAHLRWHTGERPFMCTWSYCGKRFTRSDELQRHKRTHTGEKKFACPECPKRFMRSDHLSKHIKTHQNKKGGPGVALSVGTLPLDSGAGSEGSGTATPSALITTNMVAMEAICPEGIARLANSGINVMQVADLQSINISGNGF,nucleus
P10415,MAHAGRTGYDNREIVMKYIHYKLSQRGYEWDAGDVGAAPPGAAPAPGIFSSQPGHTPHPAASRDPVARTSPLQTPAAPGAAAGPALSPVPPVVHLTLRQAGDDFSRRYRRDFAEMSSQLHLTPFTARGRFATVVEELFRDGVNWGRIVAFFEFGGVMCVESVNREMSPLVDNIALWMTEYLNRHLHTWIQDNGGWDAFVELYGPSMRPLFDFSWLSLKTLLSLALVGACITLGAYLGHK,nucleus
P15311,MPKPINVRVTTMDAELEFAIQPNTTGKQLFDQVVKTIGLREVWYFGLHYVDNKGFPTWLKLDKKVSAQEVRKENPLQFKFRAKFYPEDVAEELIQDITQKLFFLQVKEGILSDEIYCPPETAVLLGSYAVQAKFGDYNKEVHKSGYLSSERLIPQRVMDQHKLTRDQWEDRIQVWHAEHRGMLKDNAMLEYLKIAQDLEMYGINYFEIKNKKGTDLWLGVDALGLNIYEKDDKLTPKIGFPWSEIRNISFNDKKFVIKPIDKKAPDFVFYAPRLRINKRILQLCMGNHELYMRRRKPDTIEVQQMKAQAREEKHQKQLERQQLETEKKRRETVEREKEQMMREKEELMLRLQDYEEKTKKAERELSEQIQRALQLEEERKRAQEEAERLEADRMAALRAKEELERQAVDQIKSQEQLAAELAEYTAKIALLEEARRRKEDEVEEWQHRAKEAQDDLVKTKEELHLVMTAPPPPPPPVYEPVSYHVQESLQDEGAEPTGYSAELSSEGIRDDRNEEKRITEAEKNERVQRQLLTLSSELSQARDENKRTHNDIIHNENMRQGRDKYKTLRQIRQGNTKQRIDEFEAL,nucleus
Q9Y6K1,MPAMPSSGPGDTSSSAAEREEDRKDGEEQEEPRGKEERQEPSTTARKVGRPGRKRKHPPVESGDTPKDPAVISKSPSMAQDSGASELLPNGDLEKRSEPQPEEGSPAGGQKGGAPAEGEGAAETLPEASRAVENGCCTPKEGRGAPAEAGKEQKETNIESMKMEGSRGRLRGGLGWESSLRQRPMPRLTFQAGDPYYISKRKRDEWLARWKREAEKKAKVIAGMNAVEENQGPGESQKVEEASPPAVQQPTDPASPTVATTPEPVGSDAGDKNATKAGDDEPEYEDGRGFGIGELVWGKLRGFSWWPGRIVSWWMTGRSRAAEGTRWVMWFGDGKFSVVCVEKLMPLSSFCSAFHQATYNKQPMYRKAIYEVLQVASSRAGKLFPVCHDSDESDTAKAVEVQNKPMIEWALGGFQPSGPKGLEPPEEEKNPYKEVYTDMWVEPEAAAYAPPPPAKKPRKSTAEKPKVKEIIDERTRERLVYEVRQKCRNIEDICISCGSLNVTLEHPLFVGGMCQNCKNCFLECAYQYDDDGYQSYCTICCGGREVLMCGNNNCCRCFCVECVDLLVGPGAAQAAIKEDPWNCYMCGHKGTYGLLRRREDWPSRLQMFFANNHDQEFDPPKVYPPVPAEKRKPIRVLSLFDGIATGLLVLKDLGIQVDRYIASEVCEDSITVGMVRHQGKIMYVGDVRSVTQKHIQEWGPFDLVIGGSPCNDLSIVNPARKGLYEGTGRLFFEFYRLLHDARPKEGDDRPFFWLFENVVAMGVSDKRDISRFLESNPVMIDAKEVSAAHRARYFWGNLPGMNRPLASTVNDKLELQECLEHGRIAKFSKVRTITTRSNSIKQGKDQHFPVFMNEKEDILWCTEMERVFGFPVHYTDVSNMSRLARQRLLGRSWSVPVIRHLFAPLKEYFACV,nucleus
P38398,MDLSALRVEEVQNVINAMQKILECPICLELIKEPVSTKCDHIFCKFCMLKLLNQKKGPSQCPLCKNDITKRSLQESTRFSQLVEELLKIICAFQLDTGLEYANSYNFAKKENNSPEHLKDEVSIIQSMGYRNRAKRLLQSEPENPSLQETSLSVQLSNLGTVRTLRTKQRIQPQKTSVYIELGSDSSEDTVNKATYCSVGDQELLQITPQGTRDEISLDSAKKAACEFSETDVTNTEHHQPSNNDLNTTEKRAAERHPEKYQGSSVSNLHVEPCGTNTHASSLQHENSSLLLTKDRMNVEKAEFCNKSKQPGLARSQHNRWAGSKETCNDRRTPSTEKKVDLNADPLCERKEWNKQKLPCSENPRDTEDVPWITLNSSIQKVNEWFSRSDELLGSDDSHDGESESNAKVADVLDVLNEVDEYSGSSEKIDLLASDPHEALICKSERVHSKSVESNIEDKIFGKTYRKKASLPNLSHVTENLIIGAFVTEPQIIQERPLTNKLKRKRRPTSGLHPEDFIKKADLAVQKTPEMINQGTNQTEQNGQVMNITNSGHENKTKGDSIQNEKNPNPIESLEKESAFKTKAEPISSSISNMELELNIHNSKAPKKNRLRRKSSTRHIHALELVVSRNLSPPNCTELQIDSCSSSEEIKKKKYNQMPVRHSRNLQLMEGKEPATGAKKSNKPNEQTSKRHDSDTFPELKLTNAPGSFTKCSNTSELKEFVNPSLPREEKEEKLETVKVSNNAEDPKDLMLSGERVLQTERSVESSSISLVPGTDYGTQESISLLEVSTLGKAKTEPNKCVSQCAAFENPKGLIHGCSKDNRNDTEGFKYPLGHEVNHSRETSIEMEESELDAQYLQNTFKVSKRQSFAPFSNPGNAEEECATFSAHSGSLKKQSPKVTFECEQKEENQGKNESNIKPVQTVNITAGFPVVGQKDKPVDNAKCSIKGGSRFCLSSQFRGNETGLITPNKHGLLQNPYRIPPLFPIKSFVKTKCKKNLLEENFEEHSMSPEREMGNENIPSTVSTISRNNIRENVFKEASSSNINEVGSSTNEVGSSINEIGSSDENIQAELGRNRGPKLNAMLRLGVLQPEVYKQSLPGSNCKHPEIKKQEYEEVVQTVNTDFSPYLISDNLEQPMGSSHASQVCSETPDDLLDDGEIKEDTSFAENDIKESSAVFSKSVQKGELSRSPSPFTHTHLAQGYRRGAKKLESSEENLSSEDEELPCFQHLLFGKVNNIPSQSTRHSTVATECLSKNTEENLLSLKNSLNDCSNQVILAKASQEHHLSEETKCSASLFSSQCSELEDLTANTNTQDPFLIGSSKQMRHQSESQGVGLSDKELVSDDEERGTGLEENNQEEQSMDSNLGEAASGCESETSVSEDCSGLSSQSDILTTQQRDTMQHNLIKLQQEMAELEAVLEQHGSQPSNSYPSIISDSSALEDLRNPEQSTSEKAVLTSQKSSEYPISQNPEGLSADKFEVSADSSTSKNKEPGVERSSPSKCPSLDDRWYMHSCSGSLQNRNYPSQEELIKVVDVEEQQLEESGPHDLTETSYLPRQDLEGTPYLESGISLFSDDPESDPSEDRAPESARVGNIPSSTSALKVPQLKVAESAQSPAAAHTTDTAGYNAMEESVSREKPELTASTERVNKRMSMVVSGLTPEEFMLVYKFARKHHITLTNLITEETTHVVMKTDAEFVCERTLKYFLGIAGGKWVVSYFWVTQSIKERKMLNEHDFEVRGDVVNGRNHQGPKRARESQDRKIFRGLEICCYGPFTNMPTDQLEWMVQLCGASVVKELSSFTLGTGVHPIVVVQPDAWTEDNGFHAIGQMCEAPVVTREWVLDSVALYQCQELDTYLIPQIPHSHY,nucleus
P06400,MPPKTPRKTAATAAAAAAEPPAPPPPPPPEEDPEQDSGPEDLPLVRLEFEETEEPDFTALCQKLKIPDHVRERAWLTWEKVSSVDGVLGGYIQKKKELWGICIFIAAVDLDEMSFTFTELQKNIEISVHKFFNLLKEIDTSTKVDNAMSRLLKKYDVLFALFSKLERTCELIYLTQPSSSISTEINSALVLKVSWITFLLAKGEVLQMEDDLVISFQLMLCVLDYFIKLSPPMLLKEPYKTAVIPINGSPRTPRRGQNRSARIAKQLENDTRIIEVLCKEHECNIDEVKNVYFKNFIPFMNSLGLVTSNGLPEVENLSKRYEEIYLKNKDLDARLFLDHDKTLQTDSIDSFETQRTPRKSNLDEEVNVIPPHTPVRTVMNTIQQLMMILNSASDQPSENLISYFNNCTVNPKESILKRVKDIGYIFKEKFAKAVGQGCVEIGSQRYKLGVRLYYRVMESMLKSEEERLSIQNFSKLLNDNIFHMSLLACALEVVMATYSRSTSQNLDSGTDLSFPWILNVLNLKAFDFYKVIESFIKAEGNLTREMIKHLERCEHRIMESLAWLSDSPLFDLIKQSKDREGPTDHLESACPLNLPLQNNHTAADMYLSPVRSPKKKGSTTRVNSTANAETQATSAFQTQKPLKSTSLSLFYKKVYRLAYLRLNTLCERLLSEHPELEHIIWTLFQHTLQNEYELMRDRHLDQIMMCSMYGICKVKNIDLKFKIIVTAYKDLPHAVQETFKRVLIKEEEYDSIIVFYNSVFMQRLKTNILQYASTRPPTLSPIPHIPRSPYKFPSSPLRIPGGNIYISPLKSPYKISEGLPTPTKMTPRSRILVSIGESFGTSEKFQKINQMVCNSDRVLKRSAEGSNPPKPLKKLRFDIEGSDEADGSKHLPGESKFQQKLAEMTSTRTRMQKQKMNDSMDTSNKEEK,nucleus
P11387,MSGDHLHNDSQIEADFRLNDSHKHKDKHKDREHRHKEHKKEKDREKSKHSNSEHKDSEKKHKEKEKTKHKDGSSEKHKDKHKDRDKEKRKEEKVRASGDAKIKKEKENGFSSPPQIKDEPEDDGYFVPPKEDIKPLKRPRDEDDADYKPKKIKTEDTKKEKKRKLEEEEDGKLKKPKNKDKDKKVPEPDNKKKKPKKEEEQKWKWWEEERYPEGIKWKFLEHKGPVFAPPYEPLPENVKFYYDGKVMKLSPKAEEVATFFAKMLDHEYTTKEIFRKNFFKDWRKEMTNEEKNIITNLSKCDFTQMSQYFKAQTEARKQMSKEEKLKIKEENEKLLKEYGFCIMDNHKERIANFKIEPPGLFRGRGNHPKMGMLKRRIMPEDIIINCSKDAKVPSPPPGHKWKEVRHDNKVTWLVSWTENIQGSIKYIMLNPSSRIKGEKDWQKYETARRLKKCVDKIRNQYREDWKSKEMKVRQRAVALYFIDKLALRAGNEKEEGETADTVGCCSLRVEHINLHPELDGQEYVVEFDFLGKDSIRYYNKVPVEKRVFKNLQLFMENKQPEDDLFDRLNTGILNKHLQDLMEGLTAKVFRTYNASITLQQQLKELTAPDENIPAKILSYNRANRAVAILCNHQRAPPKTFEKSMMNLQTKIDAKKEQLADARRDLKSAKADAKVMKDAKTKKVVESKKKAVQRLEEQLMKLEVQATDREENKQIALGTSKLNYLDPRITVAWCKKWGVPIEKIYNKTQREKFAWAIDMADEDYEF,nucleus
Q04637,MNKAPQSTGPPPAPSPGLPQPAFPPGQTAPVVFSTPQATQMNTPSQPRQHFYPSRAQPPSSAASRVQSAAPARPGPAAHVYPAGSQVMMIPSQISYPASQGAYYIPGQGRSTYVVPTQQYPVQPGAPGFYPGASPTEFGTYAGAYYPAQGVQQFPTGVAPTPVLMNQPPQIAPKRERKTIRIRDPNQGGKDITEEIMSGARTASTPTPPQTGGGLEPQANGETPQVAVIVRPDDRSQGAIIADRPGLPGPEHSPSESQPSSPSPTPSPSPVLEPGSEPNLAVLSIPGDTMTTIQMSVEESTPISRETGEPYRLSPEPTPLAEPILEVEVTLSKPVPESEFSSSPLQAPTPLASHTVEIHEPNGMVPSEDLEPEVESSPELAPPPACPSESPVPIAPTAQPEELLNGAPSPPAVDLSPVSEPEEQAKEVTASMAPPTIPSATPATAPSATSPAQEEEMEEEEEEEEGEAGEAGEAESEKGGEELLPPESTPIPANLSQNLEAAAATQVAVSVPKRRRKIKELNKKEAVGDLLDAFKEANPAVPEVENQPPAGSNPGPESEGSGVPPRPEEADETWDSKEDKIHNAENIQPGEQKYEYKSDQWKPLNLEEKKRYDREFLLGFQFIFASMQKPEGLPHISDVVLDKANKTPLRPLDPTRLQGINCGPDFTPSFANLGRTTLSTRGPPRGGPGGELPRGPAGLGPRRSQQGPRKEPRKIIATVLMTEDIKLNKAEKAWKPSSKRTAADKDRGEEDADGSKTQDLFRRVRSILNKLTPQMFQQLMKQVTQLAIDTEERLKGVIDLIFEKAISEPNFSVAYANMCRCLMALKVPTTEKPTVTVNFRKLLLNRCQKEFEKDKDDDEVFEKKQKEMDEAATAEERGRLKEELEEARDIARRRSLGNIKFIGELFKLKMLTEAIMHDCVVKLLKNHDEESLECLCRLLTTIGKDLDFEKAKPRMDQYFNQMEKIIKEKKTSSRIRFMLQDVLDLRGSNWVPRRGDQGPKTIDQIHKEAEMEEHREHIKVQQLMAKGSDKRRGGPPGPPISRGLPLVDDGGWNTVPISKGSRPIDTSRLTKITKPGSIDSNNQLFAPGGRLSWGKGSSGGSGAKPSDAASEAARPATSTLNRFSALQQAVPTESTDNRRVVQRSSLSRERGEKAGDRGDRLERSERGGDRGDRLDRARTPATKRSFSKEVEERSRERPSQPEGLRKAASLTEDRDRGRDAVKREAALPPVSPLKAALSEEELEKKSKAIIEEYLHLNDMKEAVQCVQELASPSLLFIFVRHGVESTLERSAIAREHMGQLLHQLLCAGHLSTAQYYQGLYEILELAEDMEIDIPHVWLYLAELVTPILQEGGVPMGELFREITKPLRPLGKAASLLLEILGLLCKSMGPKKVGTLWREAGLSWKEFLPEGQDIGAFVAEQKVEYTLGEESEAPGQRALPSEELNRQLEKLLKEGSSNQRVFDWIEANLSEQQIVSNTLVRALMTAVCYSAIIFETPLRVDVAVLKARAKLLQKYLCDEQKELQALYALQALVVTLEQPPNLLRMFFDALYDEDVVKEDAFYSWESSKDPAEQQGKGVALKSVTAFFKWLREAEEESDHN,nucleus
P27348,MEKTELIQKAKLAEQAERYDDMATCMKAVTEQGAELSNEERNLLSVAYKNVVGGRRSAWRVISSIEQKTDTSDKKLQLIKDYREKVESELRSICTTVLELLDKYLIANATNPESKVFYLKMKGDYFRYLAEVACGDDRKQTIDNSQGAYQEAFDISKKEMQPTHPIRLGLALNFSVFYYEILNNPELACTLAKTAFDEAIAELDTLNEDSYKDSTLIMQLLRDNLTLWTSDSAGEECDAAEGAEN,nucleus
P60709,MDDDIAALVVDNGSGMCKAGFAGDDAPRAVFPSIVGRPRHQGVMVGMGQKDSYVGDEAQSKRGILTLKYPIEHGIVTNWDDMEKIWHHTFYNELRVAPEEHPVLLTEAPLNPKANREKMTQIMFETFNTPAMYVAIQAVLSLYASGRTTGIVMDSGDGVTHTVPIYEGYALPHAILRLDLAGRDLTDYLMKILTERGYSFTTTAEREIVRDIKEKLCYVALDFEQEMATAASSSSLEKSYELPDGQVITIGNERFRCPEALFQPSFLGMESCGIHETTFNSIMKCDVDIRKDLYANTVLSGGTTMYPGIADRMQKEITALAPSTMKIKIIAPPERKYSVWIGGSILASLSTFQQMWISKQEYDESGPSIVHRKCF,cytoplasm
P07830,MDGEDVQALVIDNGSGMCKAGFAGDDAPRAVFPSIVGRPRHTGVMVGMGQKDSYVGDEAQSKRGILTLKYPIEHGIVTNWDDMEKIWHHTFYNELRVAPEEHPVLLTEAPLNPKANREKMTQIMFETFNTPAMYVAIQAVLSLYASGRTTGIVMDSGDGVSHTVPIYEGYALPHAILRLDLAGRDLTDYMMKILTERGYSFTTTAEREIVRDIKEKLAYVALDFEAEMQTAASSSALEKSYELPDGQVITIGNERFRCPEALFQPSFLGMESAGIHETTYNSIMKCDVDIRKDLYGNVVLSGGTTMFPGIADRMNKELTALAPSTMKIKIIAPPERKYSVWIGGSILASLSTFQQMWISKEEYDESGPSIVHRKCF,cytoplasm
P41217,MERLVIRMPFSHLSTYSLVWVMAAVVLCTAQVQVVTQDEREQLYTPASLKCSLQNAQEALIVTWQKKKAVSPENMVTFSENHGVVIQPAYKDKINITQLGLQNSTITFWNITLEDEGCYMCLFNTFGFGKISGTACLTVYVQPIVSLHYKFSEDHLNITCSATARPAPMVFWKVPRSGIENSTVTLSHPNGTTSVTSILHIKDPKNQVGKEVICQVLHLGTVTDFKQTVNKGYWFSVPLLLSIVSLVILLVLISILLYWKRHRNQDRGELSQGVQKMT,cytoplasm
Q99459,MPRIMIKGGVWRNTEDEILKAAVMKYGKNQWSRIASLLHRKSAKQCKARWYEWLDPSIKKTEWSREEEEKLLHLAKLMPTQWRTIAPIIGRTAAQCLEHYEFLLDKAAQRDNEEETTDDPRKLKPGEIDPNPETKPARPDPIDMDEDELEMLSEARARLANTQGKKAKRKAREKQLEEARRLAALQKRRELRAAGIEIQKKRKRKRGVDYNAEIPFEKKPALGFYDTSEENYQALDADFRKLRQQDLDGELRSEKEGRDRKKDKQHLKRKKESDLPSAILQTSGVSEFTKKRSKLVLPAPQISDAELQEVVKVGQASEIARQTAEESGITNSASSTLLSEYNVTNNSVALRTPRTPASQDRILQEAQNLMALTNVDTPLKGGLNTPLHESDFSGVTPQRQVVQTPNTVLSTPFRTPSNGAEGLTPRSGTTPKPVINSTPGRTPLRDKLNINPEDGMADYSDPSYVKQMERESREHLRLGLLGLPAPKNDFEIVLPENAEKELEEREIDDTYIEDAADVDARKQAIRDAERVKEMKRMHKAVQKDLPRPSEVNETILRPLNVEPPLTDLQKSEELIKKEMITMLHYDLLHHPYEPSGNKKGKTVGFGTNNSEHITYLEHNPYEKFSKEELKKAQDVLVQEMEVVKQGMSHGELSSEAYNQVWEECYSQVLYLPGQSRYTRANLASKKDRIESLEKRLEINRGHMTTEAKRAAKMEKKMKILLGGYQSRAMGLMKQLNDLWDQIEQAHLELRTFEELKKHEDSAIPRRLECLKEDVQRQQEREKELQHRYADLLLEKETLKSKF,cytoplasm
P49411,MTTMAAATLLRATPHFSGLAAGRTFLLQGLLRLLKAPALPLLCRGLAVEAKKTYVRDKPHVNVGTIGHVDHGKTTLTAAITKILAEGGGAKFKKYEEIDNAPEERARGITINAAHVEYSTAARHYAHTDCPGHADYVKNMITGTAPLDGCILVVAANDGPMPQTREHLLLARQIGVEHVVVYVNKADAVQDSEMVELVELEIRELLTEFGYKGEETPVIVGSALCALEGRDPELGLKSVQKLLDAVDTYIPVPARDLEKPFLLPVEAVYSVPGRGTVVTGTLERGILKKGDECELLGHSKNIRTVVTGIEMFHKSLERAEAGDNLGALVRGLKREDLRRGLVMVKPGSIKPHQKVEAQVYILSKEEGGRHKPFVSHFMPVMFSLTWDMACRIILPPEKELAMPGEDLKFNLILRQPMILEKGQRFTLRDGNRTIGTGLVTNTLAMTEEEKNIKWG,cytoplasm
P63104,MDKNELVQKAKLAEQAERYDDMAACMKSVTEQGAELSNEERNLLSVAYKNVVGARRSSWRVVSSIEQKTEGAEKKQQMAREYREKIETELRDICNDVLSLLEKFLIPNASQAESKVFYLKMKGDYYRYLAEVAAGDDKKGIVDQSQQAYQEAFEISKKEMQPTHPIRLGLALNFSVFYYEILNSPEKACSLAKTAFDEAIAELDTLSEESYKDSTLIMQLLRDNLTLWTSDTQGDEAEAGEGGEN,cytoplasm
P31946,MTMDKSELVQKAKLAEQAERYDDMAAAMKAVTEQGHELSNEERNLLSVAYKNVVGARRSSWRVISSIEQKTERNEKKQQMGKEYREKIEAELQDICNDVLELLDKYLIPNATQPESKVFYLKMKGDYFRYLSEVASGDNKQTTVSNSQQAYQEAFEISKKEMQPTHPIRLGLALNFSVFYYEILNSPEKACSLAKTAFDEAIAELDTLNEESYKDSTLIMQLLRDNLTLWTSENQGDEGDAGEGEN,cytoplasm
Q06830,MSSGNAKIGHPAPNFKATAVMPDGQFKDISLSDYKGKYVVFFFYPLDFTFVCPTEIIAFSDRAEEFKKLNCQVIGASVDSHFCHLAWVNTPKKQGGLGPMNIPLVSDPKRTIAQDYGVLKADEGISFRGLFIIDDKGILRQITVNDLPVGRSVDETLRLVQAFQFTDKHGEVCPAGWKPGSDTIKPDVQKSKEYFSKQK,cytoplasm
P21333,MSSSHSRAGQSAAGAAPGGGVDTRDAEMPATEKDLAEDAPWKKIQQNTFTRWCNEHLKCVSKRIANLQTDLSDGLRLIALLEVLSQKKMHRKHNQRPTFRQMQLENVSVALEFLDRESIKLVSIDSKAIVDGNLKLILGLIWTLILHYSISMPMWDEEEDEEAKKQTPKQRLLGWIQNKLPQLPITNFSRDWQSGRALGALVDSCAPGLCPDWDSWDASKPVTNAREAMQQADDWLGIPQVITPEEIVDPNVDEHSVMTYLSQFPKAKLKPGAPLRPKLNPKKARAYGPGIEPTGNMVKKRAEFTVETRSAGQGEVLVYVEDPAGHQEEAKVTANNDKNRTFSVWYVPEVTGTHKVTVLFAGQHIAKSPFEVYVDKSQGDASKVTAQGPGLEPSGNIANKTTYFEIFTAGAGTGEVEVVIQDPMGQKGTVEPQLEARGDSTYRCSYQPTMEGVHTVHVTFAGVPIPRSPYTVTVGQACNPSACRAVGRGLQPKGVRVKETADFKVYTKGAGSGELKVTVKGPKGEERVKQKDLGDGVYGFEYYPMVPGTYIVTITWGGQNIGRSPFEVKVGTECGNQKVRAWGPGLEGGVVGKSADFVVEAIGDDVGTLGFSVEGPSQAKIECDDKGDGSCDVRYWPQEAGEYAVHVLCNSEDIRLSPFMADIRDAPQDFHPDRVKARGPGLEKTGVAVNKPAEFTVDAKHGGKAPLRVQVQDNEGCPVEALVKDNGNGTYSCSYVPRKPVKHTAMVSWGGVSIPNSPFRVNVGAGSHPNKVKVYGPGVAKTGLKAHEPTYFTVDCAEAGQGDVSIGIKCAPGVVGPAEADIDFDIIRNDNDTFTVKYTPRGAGSYTIMVLFADQATPTSPIRVKVEPSHDASKVKAEGPGLSRTGVELGKPTHFTVNAKAAGKGKLDVQFSGLTKGDAVRDVDIIDHHDNTYTVKYTPVQQGPVGVNVTYGGDPIPKSPFSVAVSPSLDLSKIKVSGLGEKVDVGKDQEFTVKSKGAGGQGKVASKIVGPSGAAVPCKVEPGLGADNSVVRFLPREEGPYEVEVTYDGVPVPGSPFPLEAVAPTKPSKVKAFGPGLQGGSAGSPARFTIDTKGAGTGGLGLTVEGPCEAQLECLDNGDGTCSVSYVPTEPGDYNINILFADTHIPGSPFKAHVVPCFDASKVKCSGPGLERATAGEVGQFQVDCSSAGSAELTIEICSEAGLPAEVYIQDHGDGTHTITYIPLCPGAYTVTIKYGGQPVPNFPSKLQVEPAVDTSGVQCYGPGIEGQGVFREATTEFSVDARALTQTGGPHVKARVANPSGNLTETYVQDRGDGMYKVEYTPYEEGLHSVDVTYDGSPVPSSPFQVPVTEGCDPSRVRVHGPGIQSGTTNKPNKFTVETRGAGTGGLGLAVEGPSEAKMSCMDNKDGSCSVEYIPYEAGTYSLNVTYGGHQVPGSPFKVPVHDVTDASKVKCSGPGLSPGMVRANLPQSFQVDTSKAGVAPLQVKVQGPKGLVEPVDVVDNADGTQTVNYVPSREGPYSISVLYGDEEVPRSPFKVKVLPTHDASKVKASGPGLNTTGVPASLPVEFTIDAKDAGEGLLAVQITDPEGKPKKTHIQDNHDGTYTVAYVPDVTGRYTILIKYGGDEIPFSPYRVRAVPTGDASKCTVTVSIGGHGLGAGIGPTIQIGEETVITVDTKAAGKGKVTCTVCTPDGSEVDVDVVENEDGTFDIFYTAPQPGKYVICVRFGGEHVPNSPFQVTALAGDQPSVQPPLRSQQLAPQYTYAQGGQQTWAPERPLVGVNGLDVTSLRPFDLVIPFTIKKGEITGEVRMPSGKVAQPTITDNKDGTVTVRYAPSEAGLHEMDIRYDNMHIPGSPLQFYVDYVNCGHVTAYGPGLTHGVVNKPATFTVNTKDAGEGGLSLAIEGPSKAEISCTDNQDGTCSVSYLPVLPGDYSILVKYNEQHVPGSPFTARVTGDDSMRMSHLKVGSAADIPINISETDLSLLTATVVPPSGREEPCLLKRLRNGHVGISFVPKETGEHLVHVKKNGQHVASSPIPVVISQSEIGDASRVRVSGQGLHEGHTFEPAEFIIDTRDAGYGGLSLSIEGPSKVDINTEDLEDGTCRVTYCPTEPGNYIINIKFADQHVPGSPFSVKVTGEGRVKESITRRRRAPSVANVGSHCDLSLKIPEISIQDMTAQVTSPSGKTHEAEIVEGENHTYCIRFVPAEMGTHTVSVKYKGQHVPGSPFQFTVGPLGEGGAHKVRAGGPGLERAEAGVPAEFSIWTREAGAGGLAIAVEGPSKAEISFEDRKDGSCGVAYVVQEPGDYEVSVKFNEEHIPDSPFVVPVASPSGDARRLTVSSLQESGLKVNQPASFAVSLNGAKGAIDAKVHSPSGALEECYVTEIDQDKYAVRFIPRENGVYLIDVKFNGTHIPGSPFKIRVGEPGHGGDPGLVSAYGAGLEGGVTGNPAEFVVNTSNAGAGALSVTIDGPSKVKMDCQECPEGYRVTYTPMAPGSYLISIKYGGPYHIGGSPFKAKVTGPRLVSNHSLHETSSVFVDSLTKATCAPQHGAPGPGPADASKVVAKGLGLSKAYVGQKSSFTVDCSKAGNNMLLVGVHGPRTPCEEILVKHVGSRLYSVSYLLKDKGEYTLVVKWGDEHIPGSPYRVVVP,cytoplasm
P00390,MALLPRALSAGAGPSWRRAARAFRGFLLLLPEPAALTRALSRAMACRQEPQPQGPPPAAGAVASYDYLVIGGGSGGLASARRAAELGARAAVVESHKLGGTCVNVGCVPKKVMWNTAVHSEFMHDHADYGFPSCEGKFNWRVIKEKRDAYVSRLNAIYQNNLTKSHIEIIRGHAAFTSDPKPTIEVSGKKYTAPHILIATGGMPSTPHESQIPGASLGITSDGFFQLEELPGRSVIVGAGYIAVEMAGILSALGSKTSLMIRHDKVLRSFDSMISTNCTEELENAGVEVLKFSQVKEVKKTLSGLEVSMVTAVPGRLPVMTMIPDVDCLLWAIGRVPNTKDLSLNKLGIQTDDKGHIIVDEFQNTNVKGIYAVGDVCGKALLTPVAIAAGRKLAHRLFEYKEDSKLDYNNIPTVVFSHPPIGTVGLTEDEAIHKYGIENVKTYSTSFTPMYHAVTKRKTKCVMKMVCANKEEKVVGIHMQGLGCDEMLQGFAVAVKMGATKADFDNTVAIHPTSSEELVTLR,mitochondrion
P10809,MLRLPTVFRQMRPVSRVLAPHLTRAYAKDVKFGADARALMLQGVDLLADAVAVTMGPKGRTVIIEQSWGSPKVTKDGVTVAKSIDLKDKYKNIGAKLVQDVANNTNEEAGDGTTTATVLARSIAKEGFEKISKGANPVEIRRGVMLAVDAVIAELKKQSKPVTTPEEIAQVATISANGDKEIGNIISDAMKKVGRKGVITVKDGKTLNDELEIIEGMKFDRGYISPYFINTSKGQKCEFQDAYVLLSEKKISSIQSIVPALEIANAHRKPLVIIAEDVDGEALSTLVLNRLKVGLQVVAVKAPGFGDNRKNQLKDMAIATGGAVFGEEGLTLNLEDVQPHDLGKVGEVIVTKDDAMLLKGKGDKAQIEKRIQEIIEQLDVTTSEYEKEKLNERLAKLSDGVAVLKVGGTSDVEVNEKKDRVTDALNATRAAVEEGIVLGGGCALLRCIPALDSLTPANEDQKIGIEIIKRTLKIPAMTIAKNAGVEGSLIVEKIMQSSSEVGYDAMAGDFVNMVEKGIIDPTKVVRTALLDAAGVASLLTTAEVVVTEIPKEEKDPGMGAMGGMGGGMGGGMF,mitochondrion
P31930,MAASVVCRAATAGAQVLLRARRSPALLRTPALRSTATFAQALQFVPETQVSLLDNGLRVASEQSSQPTCTVGVWIDVGSRFETEKNNGAGYFLEHLAFKGTKNRPGSALEKEVESMGAHLNAYSTREHTAYYIKALSKDLPKAVELLGDIVQNCSLEDSQIEKERDVILREMQENDASMRDVVFNYLHATAFQGTPLAQAVEGPSENVRKLSRADLTEYLSTHYKAPRMVLAAAGGVEHQQLLDLAQKHLGGIPWTYAEDAVPTLTPCRFTGSEIRHRDDALPFAHVAIAVEGPGWASPDNVALQVANAIIGHYDCTYGGGVHLSSPLASGAVANKLCQSFQTFSICYAETGLLGAHFVCDRMKIDDMMFVLQGQWMRLCTSATESEVARGKNILRNALVSHLDGTTPVCEDIGRSLLTYGRRIPLAEWESRIAEVDASVVREICSKYIYDQCPAVAGYGPIEQLPDYNRIRSGMFWLRF,mitochondrion
Q9Y6L7,MPRATALGALVSLLLLLPLPRGAGGLGERPDATADYSELDGEEGTEQQLEHYHDPCKAAVFWGDIALDEDDLKLFHIDKARDWTKQTVGATGHSTGGLEEQASESSPDTTAMDTGTKEAGKDGRENTTLLHSPGTLHAAAKTFSPRVRRATTSRTERIWPGGVIPYVIGGNFTGSQRAIFKQAMRHWEKHTCVTFIERTDEESFIVFSYRTCGCCSYVGRRGGGPQAISIGKNCDKFGIVAHELGHVVGFWHEHTRPDRDQHVTIIRENIQPGQEYNFLKMEAGEVSSLGETYDFDSIMHYARNTFSRGVFLDTILPRQDDNGVRPTIGQRVRLSQGDIAQARKLYKCPACGETLQDTTGNFSAPGFPNGYPSYSHCVWRISVTPGEKIVLNFTSMDLFKSRLCWYDYVEVRDGYWRKAPLLGRFCGDKIPEPLVSTDSRLWVEFRSSSNILGKGFFAAYEATCGGDMNKDAGQIQSPNYPDDYRPSKECVWRITVSEGFHVGLTFQAFEIERHDSCAYDYLEVRDGPTEESALIGHFCGYEKPEDVKSSSNRLWMKFVSDGSINKAGFAANFFKEVDECSWPDHGGCEHRCVNTLGSYKCACDPGYELAADKKMCEVACGGFITKLNGTITSPGWPKEYPTNKNCVWQVVAPAQYRISLQFEVFELEGNDVCKYDFVEVRSGLSPDAKLHGRFCGSETPEVITSQSNNMRVEFKSDNTVSKRGFRAHFFSDKDECAKDNGGCQHECVNTFGSYLCRCRNGYWLHENGHDCKEAGCAHKISSVEGTLASPNWPDKYPSRRECTWNISSTAGHRVKLTFNEFEIEQHQECAYDHLEMYDGPDSLAPILGRFCGSKKPDPTVASGSSMFLRFYSDASVQRKGFQAVHSTECGGRLKAEVQTKELYSHAQFGDNNYPSEARCDWVIVAEDGYGVELTFRTFEVEEEADCGYDYMEAYDGYDSSAPRLGRFCGSGPLEEIYSAGDSLMIRFRTDDTINKKGFHARYTSTKFQDALHMKK,mitochondrion
P05481,MSVYTTAQLLAVNEKKFKFDPLFLRIFFRETYPFSTEKVYLSQIPGLVNMALYVSPIVSGKVIRSRGGSTSEFTPGYVKPKHEVNPLMMTLRLPDEDPQNVADPVYRRRRIILQNMKDEELAIAQVEEKQAVSAVLSGKYTMTGEAFEPVEVDMGRSAGNNIVQAGAAAWSTRDKETYDPTDDIEAYALNARGVVNIIVFDPKGWALFRSFKAVEKKLDTRRGSNSELETAVKDLGMAVSYKGMFGDVAIVVYSGQYVENDVKKNYLPDLTMVLGNTQARGLRTYGCILDADAQREGIDASTRYPKNWVQLGDPVREFTMIQSAPLMLLPDPDAFVSVKLA,mitochondrion
P00403,MAHAAQVGLQDATSPIMEELITFHDHALMIIFLICFLVLYALFLTLTTKLTNTNISDAQEMETVWTILPAIILVLIALPSLRILYMTDEVNDPSLTIKSIGHQWYWTYEYTDYGGLIFNSYMLPPLFLEPGDLRLLDVDNRVVLPIEAPIRMMITSQDVLHSWAVPTLGLKTDAIPGRLNQTTFTATRPGVYYGQCSEICGANHSFMPIVLELIPLKIFEMGPVFTL,mitochondrion
P00387,MGAQLSTLGHMVLFPVWFLYSLLMKLFQRSTPAITLESPDIKYPLRLIDREIISHDTRRFRFALPSPQHILGLPVGQHIYLSARIDGNLVVRPYTPISSDDDKGFVDLVIKVYFKDTHPKFPAGGKMSQYLESMQIGDTIEFRGPSGLLVYQGKGKFAIRPDKKSNPIIRTVKSVGMIAGGTGITPMLQVIRAIMKDPDDHTVCHLLFANQTEKDILLRPELEELRNKHSARFKLWYTLDRAPEAWDYGQGFVNEEMIRDHLPPPEEEPLVLMCGPPPMIQYACLPNLDHVGHPTERCFVF,mitochondrion
P30084,MAALRVLLSCVRGPLRPPVRCPAWRPFASGANFEYIIAEKRGKNNTVGLIQLNRPKALNALCDGLIDELNQALKTFEEDPAVGAIVLTGGDKAFAAGADIKEMQNLSFQDCYSSKFLKHWDHLTQVKKPVIAAVNGYAFGGGCELAMMCDIIYAGEKAQFAQPEILIGTIPGAGGTQRLTRAVGKSLAMEMVLTGDRISAQDAKQAGLVSKICPVETLVEEAIQCAEKIASNSKIVVAMAKESVNAAFEMTLTEGSKLEKKLFYSTFATDDRKEGMTAFVEKRKANFKDQ,mitochondrion
Q16790,MAPLCPSPWLPLLIPAPAPGLTVQLLLSLLLLVPVHPQRLPRMQEDSPLGGGSSGEDDPLGEEDLPSEEDSPREEDPPGEEDLPGEEDLPGEEDLPEVKPKSEEEGSLKLEDLPTVEAPGDPQEPQNNAHRDKEGDDQSHWRYGGDPPWPRVSPACAGRFQSPVDIRPQLAAFCPALRPLELLGFQLPPLPELRLRNNGHSVQLTLPPGLEMALGPGREYRALQLHLHWGAAGRPGSEHTVEGHRFPAEIHVVHLSTAFARVDEALGRPGGLAVLAAFLEEGPEENSAYEQLLSRLEEIAEEGSETQVPGLDISALLPSDFSRYFQYEGSLTTPPCAQGVIWTVFNQTVMLSAKQLHTLSDTLWGPGDSRLQLNFRATQPLNGRVIEASFPAGVDSSPRAAEPVQLNSCLAAGDILALVFGLLFAVTSVAFLVQMRRQHRRGTKGGVSYRPAEVAETGA,mitochondrion
P22896,MEDTMHTIGKVATLAGVSTDTLRYYEKEHLIEPASRTAAGYRLYNDEAVRRIRFIKTAQHCGFSLSDIQELLTLKRTDSACCEDVRSVAIEKRLRIARKLRVLQAMSAALNDLIQSCEGGAA,mitochondrion
Q9Y6N1,MGGLWRPGWRCVPFCGWRWIHPGSPTRAAERVEPFLRPEWSGTGGAERGLRWLGTWKRCSLRARHPALQPPRRPKSSNPFTRAQEEERRRQNKTTLTYVAAVAVGMLGASYAAVPLYRLYCQTTGLGGSAVAGHASDKIENMVPVKDRIIKISFNADVHASLQWNFRPQQTEIYVVPGETALAFYRAKNPTDKPVIGISTYNIVPFEAGQYFNKIQCFCFEEQRLNPQEEVDMPVFFYIDPEFAEDPRMIKVDLITLSYTFFEAKEGHKLPVPGYN,Golgi
Q15084,MALLVLGLVSCTFFLAVNGLYSSSDDVIELTPSNFNREVIQSDSLWLVEFYAPWCGHCQRLTPEWKKAATALKDVVKVGAVDADKHHSLGGQYGVQGFPTIKIFGSNKNRPEDYQGGRTGEAIVDAALSALRQLVKDRLGGRSGGYSSGKQGRSDSSSKKDVIELTDDSFDKNVLDSEDVWMVEFYAPWCGHCKNLEPEWAAAASEVKEQTKGKVKLAAVDATVNQVLASRYGIRGFPTIKIFQKGESPVDYDGGRTRSDIVSRALDLFSDNAPPPELLEIINEDIAKRTCEEHQLCVVAVLPHILDTGAAGRNSYLEVLLKLADKYKKKMWGWLWTEAGAQSELETALGIGGFGYPAMAAINARKMKFALLKGSFSEQGINEFLRELSFGRGSTAPVGGGAFPTIVEREPWDGRDGELPVEDDIDLSDVELDDLGKDEL,Golgi
Q9Y266,MGGEQEEERFDGMLLAMAQQHEGGVQELVNTFFSFLRRKTDFFIGGEEGMAEKLITQTFSHHNQLAQKTRREKRARQEAERREKAERAARLAKEAKSETSGPQIKELTDEEAERLQLEIDQKKDAENHEAQLKNGSLDSPGKQDTEEDEEEDEKDKGKLKPNLGNGADLPNYRWTQTLSELDLAVPFCVNFRLKGKDMVVDIQRRHLRVGLKGQPAIIDGELYNEVKVEESSWLIEDGKVVTVHLEKINKMEWWSRLVSSDPEINTKKINPENSKLSDLDSETRSMVEKMMYDQRQKSMGLPTSDEQKKQEILKKFMDQHPEMDFSKAKFN,Golgi
P51810,MASPRLGTFCCPTRDAATQLVLSFQPRAFHALCLGSGGLRLALGLLQLLPGRRPAGPGSPATSPPASVRILRAAAACDLLGCLGMVIRSTVWLGFPNFVDSVSDMNHTEIWPAAFCVGSAMWIQLLYSACFWWLFCYAVDAYLVIRRSAGLSTILLYHIMAWGLATLLCVEGAAMLYYPSVSRCERGLDHAIPHYVTMYLPLLLVLVANPILFQKTVTAVASLLKGRQGIYTENERRMGAVIKIRFFKIMLVLIICWLSNIINESLLFYLEMQTDINGGSLKPVRTAAKTTWFIMGILNPAQGFLLSLAFYGWTGCSLGFQSPRKEIQWESLTTSAAEGAHPSPLMPHENPASGKVSQVGGQTSDEALSMLSEGSDASTIEIHTASESCNKNEGDPALPTHGDL,Golgi
O75822,MAAAAAAAGDSDSWDADAFSVEDPVRKVGGGGTAGGDRWEGEDEDEDVKDNWDDDDDEKKEEAEVKPEVKISEKKKIAEKIKEKERQQKKRQEEIKKRLEEPEEPKVLTPEEQLADKLRLKKLQEESDLELAKETFGVNNAVYGIDAMNPSSRDDFTEFGKLLKDKITQYEKSLYYASFLEVLVRDVCISLEIDDLKKITNSLTVLCSEKQKQEKQSKAKKKKKGVVPGGGLKATMKDDLADYGGYDGGYVQDYEDFM,Golgi
Q8N488,MTMGDKKSPTRPKRQAKPAADEGFWDCSVCTFRNSAEAFKCSICDVRKGTSTRKPRINSQLVAQQVAQQYATPPPPKKEKKEKVEKQDKEKPEKDKEISPSVTKKNTNKKTKPKSDILKDPPSEANSIQSANATTKTSETNHTSRPRLKNVDRSTAQQLAVTVGNVTVIITDFKEKTRSSSTSSSTVTSSAGSEQQNQSSSGSESTDKGSSRSSTPKGDMSAVNDESF,Golgi
Q99460,MITSAAGIISLLDEDEPQLKEFALHKLNAVVNDFWAEISESVDKIEVLYEDEGFRSRQFAALVASKVFYHLGAFEESLNYALGAGDLFNVNDNSEYVETIIAKCIDHYTKQCVENADLPEGEKKPIDQRLEGIVNKMFQRCLDDHKYKQAIGIALETRRLDVFEKTILESNDVPGMLAYSLKLCMSLMQNKQFRNKVLRVLVKIYMNLEKPDFINVCQCLIFLDDPQAVSDILEKLVKEDNLLMAYQICFDLYESASQQFLSSVIQNLRTVGTPIASVPGSTNTGTVPGSEKDSDSMETEEKTSSAFVGKTPEASPEPKDQTLKMIKILSGEMAIELHLQFLIRNNNTDLMILKNTKDAVRNSVCHTATVIANSFMHCGTTSDQFLRDNLEWLARATNWAKFTATASLGVIHKGHEKEALQLMATYLPKDTSPGSAYQEGGGLYALGLIHANHGGDIIDYLLNQLKNASNDIVRHGGSLGLGLAAMGTARQDVYDLLKTNLYQDDAVTGEAAGLALGLVMLGSKNAQAIEDMVGYAQETQHEKILRGLAVGIALVMYGRMEEADALIESLCRDKDPILRRSGMYTVAMAYCGSGNNKAIRRLLHVAVSDVNDDVRRAAVESLGFILFRTPEQCPSVVSLLSESYNPHVRYGAAMALGICCAGTGNKEAINLLEPMTNDPVNYVRQGALIASALIMIQQTEITCPKVNQFRQLYSKVINDKHDDVMAKFGAILAQGILDAGGHNVTISLQSRTGHTHMPSVVGVLVFTQFWFWFPLSHFLSLAYTPTCVIGLNKDLKMPKVQYKSNCKPSTFAYPAPLEVPKEKEKEKVSTAVLSITAKAKKKEKEKEKKEEEKMEVDEAEKKEEKEKKKEPEPNFQLLDNPARVMPAQLKVLTMPETCRYQPFKPLSIGGIIILKDTSEDIEELVEPVAAHGPKIEEEEQEPEPPEPFEYIDD,Golgi
Q01850,MLAENLVEEFEMKEDEPWYDHQDLQQDLQLAAELGKTLLDRNTELEDSVQQMYTTNQEQLQEIEYLTKQVELLRQMNEQHAKVYEQLDVTARELEETNQKLVADSKASQQKILSLTETIECLQTNIDHLQSQVEELKSSGQGRRSPGKCDQEKPAPSFACLKELYDLRQHFVYDHVFAEKITSLQGQPSPDEEENEHLKKTVTMLQAQLSLERQKRVTMEEEYGLVLKENSELEQQLGATGAYRARALELEAEVAEMRQMLQSEHPFVNGVEKLVPDSLYVPFKEPSQSLLEEMFLTVPESHRKPLKRSSSETILSSLAGSDIVKGHEETCIRRAKAVKQRGISLLHEVDTQYSALKVKYEELLKKCQEEQDSLSHKAVQTSRAAAKDLTGVNAQSEPVASGWELASVNPEPVSSPTTPPEYKALFKEIFSCIKKTKQEIDEQRTKYRSLSSHS,Golgi
P50406,MVPEPGPTANSTPAWGAGPPSAPGGSGWVAAALCVVIALTAAANSLLIALICTQPALRNTSNFFLVSLFTSDLMVGLVVMPPAMLNALYGRWVLARGLCLLWTAFDVMCCSASILNLCLISLDRYLLILSPLRYKLRMTPLRALALVLGAWSLAALASFLPLLLGWHELGHARPPVPGQCRLLASLPFVLVASGLTFFLPSGAICFTYCRILLAARKQAVQVASLTTGMASQASETLQVPRTPRPGVESADSRRLATKHSRKALKASLTLGILLGMFFVTWLPFFVANIVQAVCDCISPGLFDVLTWLGYCNSTMNPIIYPLFMRDFKRALGRFLPCPRCPRERQASLASPSLRTSHSGPRPGLSLQQVLPLPLPPDSDSDSDAGSGGSSGLRLTAQLLLPGEATQDPPLPTRAAAAVNFFNIDPAEPELRPHPLGIPTN,Golgi
Q13085,MDEPSPLAQPLELNQHSRFIIGSVSEDNSEDEISNLVKLDLLEEKEGSLSPASVGSDTLSDLGISSLQDGLALHIRSSMSGLHLVKQGRDRKKIDSQRDFTVASPAEFVTRFGGNKVIEKVLIANNGIAAVKCMRSIRRWSYEMFRNERAIRFVVMVTPEDLKANAEYIKMADHYVPVPGGPNNNNYANVELILDIAKRIPVQAVWAGWGHASENPKLPELLLKNGIAFMGPPSQAMWALGDKIASSIVAQTAGIPTLPWSGSGLRVDWQENDFSKRILNVPQELYEKGYVKDVDDGLQAAEEVGYPVMIKASEGGGGKGIRKVNNADDFPNLFRQVQAEVPGSPIFVMRLAKQSRHLEVQILADQYGNAISLFGRDCSVQRRHQKIIEEAPATIATPAVFEHMEQCAVKLAKMVGYVSAGTVEYLYSQDGSFYFLELNPRLQVEHPCTEMVADVNLPAAQLQIAMGIPLYRIKDIRMMYGVSPWGDSPIDFEDSAHVPCPRGHVIAARITSENPDEGFKPSSGTVQELNFRSNKNVWGYFSVAAAGGLHEFADSQFGHCFSWGENREEAISNMVVALKELSIRGDFRTTVEYLIKLLETESFQMNRIDTGWLDRLIAEKVQAERPDTMLGVVCGALHVADVSLRNSVSNFLHSLERGQVLPAHTLLNTVDVELIYEGVKYVLKVTRQSPNSYVVIMNGSCVEVDVHRLSDGGLLLSYDGSSYTTYMKEEVDRYRITIGNKTCVFEKENDPSVMRSPSAGKLIQYIVEDGGHVFAGQCYAEIEVMKMVMTLTAVESGCIHYVKRPGAALDPGCVLAKMQLDNPSKVQQAELHTGSLPRIQSTALRGEKLHRVFHYVLDNLVNVMNGYCLPDPFFSSKVKDWVERLMKTLRDPSLPLLELQDIMTSVSGRIPPNVEKSIKKEMAQYASNITSVLCQFPSQQIANILDSHAATLNRKSEREVFFMNTQSIVQLVQRYRSGIRGHMKAVVMDLLRQYLRVETQFQNGHYDKCVFALREENKSDMNTVLNYIFSHAQVTKKNLLVTMLIDQLCGRDPTLTDELLNILTELTQLSKTTNAKVALRARQVLIASHLPSYELRHNQVESIFLSAIDMYGHQFCIENLQKLILSETSIFDVLPNFFYHSNQVVRMAALEVYVRRAYIAYELNSVQHRQLKDNTCVVEFQFMLPTSHPNRGNIPTLNRMSFSSNLNHYGMTHVASVSDVLLDNSFTPPCQRMGGMVSFRTFEDFVRIFDEVMGCFSDSPPQSPTFPEAGHTSLYDEDKVPRDEPIHILNVAIKTDCDIEDDRLAAMFREFTQQNKATLVDHGIRRLTFLVAQKDFRKQVNYEVDRRFHREFPKFFTFRARDKFEEDRIYRHLEPALAFQLELNRMRNFDLTAIPCANHKMHLYLGAAKVEVGTEVTDYRFFVRAIIRHSDLVTKEASFEYLQNEGERLLLEAMDELEVAFNNTNVRTDCNHIFLNFVPTVIMDPSKIEESVRSMVMRYGSRLWKLRVLQAELKINIRLTPTGKAIPIRLFLTNESGYYLDISLYKEVTDSRTAQIMFQAYGDKQGPLHGMLINTPYVTKDLLQSKRFQAQSLGTTYIYDIPEMFRQSLIKLWESMSTQAFLPSPPLPSDMLTYTELVLDDQGQLVHMNRLPGGNEIGMVAWKMTFKSPEYPEGRDIIVIGNDITYRIGSFGPQEDLLFLRASELARAEGIPRIYVSANSGARIGLAEEIRHMFHVAWVDPEDPYKGYRYLYLTPQDYKRVSALNSVHCEHVEDEGESRYKITDIIGKEEGIGPENLRGSGMIAGESSLAYNEIITISLVTCRAIGIGAYLVRLGQRTIQVENSHLILTGAGALNKVLGREVYTSNNQLGGIQIMHNNGVTHCTVCDDFEGVFTVLHWLSYMPKSVHSSVPLLNSKDPIDRIIEFVPTKTPYDPRWMLAGRPHPTQKGQWLSGFFDYGSFSEIMQPWAQTVVVGRARLGGIPVGVVAVETRTVELSIPADPANLDSEAKIIQQAGQVWFPDSAFKTYQAIKDFNREGLPLMVFANWRGFSGGMKDMYDQVLKFGAYIVDGLRECCQPVLVYIPPQAELRGGSWVVIDSSINPRHMEMYADRESRGSVLEPEGTVEIKFRRKDLVKTMRRVDPVYIHLAERLGTPELSTAERKELENKLKEREEFLIPIYHQVAVQFADLHDTPGRMQEKGVISDILDWKTSRTFFYWRLRRLLLEDLVKKKIHNANPELTDGQIQAMLRRWFVEVEGTVKAYVWDNNKDLAEWLEKQLTEEDGVHSVIEENIKCISRDYVLKQIRSLVQANPEVAMDSIIHMTQHISPTQRAEVIRILSTMDSPST,Endoplasmic
P49756,MSFPPHLNRPPMGIPALPPGIPPPQFPGFPPPVPPGTPMIPVPMSIMAPAPTVLVPTVSMVGKHLGARKDHPGLKAKENDENCGPTTTVFVGNISEKASDMLIRQLLAKCGLVLSWKRVQGASGKLQAFGFCEYKEPESTLRALRLLHDLQIGEKKLLVKVDAKTKAQLDEWKAKKKASNGNARPETVTNDDEEALDEETKRRDQMIKGAIEVLIREYSSELNAPSQESDSHPRKKKKEKKEDIFRRFPVAPLIPYPLITKEDINAIEMEEDKRDLISREISKFRDTHKKLEEEKGKKEKERQEIEKERRERERERERERERREREREREREREREKEKERERERERDRDRDRTKERDRDRDRERDRDRDRERSSDRNKDRSRSREKSRDREREREREREREREREREREREREREREREREREREKDKKRDREEDEEDAYERRKLERKLREKEAAYQERLKNWEIRERKKTREYEKEAEREEERRREMAKEAKRLKEFLEDYDDDRDDPKYYRGSALQKRLRDREKEMEADERDRKREKEELEEIRQRLLAEGHPDPDAELQRMEQEAERRRQPQIKQEPESEEEEEEKQEKEEKREEPMEEEEEPEQKPCLKPTLRPISSAPSVSSASGNATPNTPGDESPCGIIIPHENSPDQQQPEEHRPKIGLSLKLGASNSPGQPNSVKRKKLPVDSVFNKFEDEDSDDVPRKRKLVPLDYGEDDKNATKGTVNTEEKRKHIKSLIEKIPTAKPELFAYPLDWSIVDSILMERRIRPWINKKIIEYIGEEEATLVDFVCSKVMAHSSPQSILDDVAMVLDEEAEVFIVKMWRLLIYETEAKKIGLVK,Endoplasmic
Q9Y3A4,MVARRRKCAARDPEDRIPSPLGYAAIPIKFSEKQQASHYLYVRAHGVRQGTKSTWPQKRTLFVLNVPPYCTEESLSRLLSTCGLVQSVELQEKPDLAESPKESRSKFFHPKPVPGFQVAYVVFQKPSGVSAALALKGPLLVSTESHPVKSGIHKWISDYADSVPDPEALRVEVDTFMEAYDQKIAEEEAKAKEEEGVPDEEGWVKVTRRGRRPVLPRTEAASLRVLERERRKRSRKELLNFYAWQHRESKMEHLAQLRKKFEEDKQRIELLRAQRKFRPY,Endoplasmic
P22681,MAGNVKKSSGAGGGSGSGGSGSGGLIGLMKDAFQPHHHHHHHLSPHPPGTVDKKMVEKCWKLMDKVVRLCQNPKLALKNSPPYILDLLPDTYQHLRTILSRYEGKMETLGENEYFRVFMENLMKKTKQTISLFKEGKERMYEENSQPRRNLTKLSLIFSHMLAELKGIFPSGLFQGDTFRITKADAAEFWRKAFGEKTIVPWKSFRQALHEVHPISSGLEAMALKSTIDLTCNDYISVFEFDIFTRLFQPWSSLLRNWNSLAVTHPGYMAFLTYDEVKARLQKFIHKPGSYIFRLSCTRLGQWAIGYVTADGNILQTIPHNKPLFQALIDGFREGFYLFPDGRNQNPDLTGLCEPTPQDHIKVTQEQYELYCEMGSTFQLCKICAENDKDVKIEPCGHLMCTSCLTSWQESEGQGCPFCRCEIKGTEPIVVDPFDPRGSGSLLRQGAEGAPSPNYDDDDDERADDTLFMMKELAGAKVERPPSPFSMAPQASLPPVPPRLDLLPQRVCVPSSASALGTASKAASGSLHKDKPLPVPPTLRDLPPPPPPDRPYSVGAESRPQRRPLPCTPGDCPSRDKLPPVPSSRLGDSWLPRPIPKVPVSAPSSSDPWTGRELTNRHSLPFSLPSQMEPRPDVPRLGSTFSLDTSMSMNSSPLVGPECDHPKIKPSSSANAIYSLAARPLPVPKLPPGEQCEGEEDTEYMTPSSRPLRPLDTSQSSRACDCDQQIDSCTYEAMYNIQSQAPSITESSTFGEGNLAAAHANTGPEESENEDDGYDVPKPPVPAVLARRTLSDISNASSSFGWLSLDGDPTTNVTEGSQVPERPPKPFPRRINSERKAGSCQQGSGPAASAATASPQLSSEIENLMSQGYSYQDIQKALVIAQNNIEMAKNILREFVSISSPAHVAT,Endoplasmic
Q96S16,MAPASRLLALWALAAVALPGSGAEGDGGWRPGGPGAVAEEERCTVERRADLTYAEFVQQYAFVRPVILQGLTDNSRFRALCSRDRLLASFGDRVVRLSTANTYSYHKVDLPFQEYVEQLLHPQDPTSLGNDTLYFFGDNNFTEWASLFRHYSPPPFGLLGTAPAYSFGIAGAGSGVPFHWHGPGYSEVIYGRKRWFLYPPEKTPEFHPNKTTLAWLRDTYPALPPSARPLECTIRAGEVLYFPDRWWHATLNLDTSVFISTFLG,Endoplasmic
Q96Q05,MSVPDYMQCAEDHQTLLVVVQPVGIVSEENFFRIYKRICSVSQISVRDSQRVLYIRYRHHYPPENNEWGDFQTHRKVVGLITITDCFSAKDWPQTFEKFHVQKEIYGSTLYDSRLFVFGLQGEIVEQPRTDVAFYPNYEDCQTVEKRIEDFIESLFIVLESKRLDRATDKSGDKIPLLCVPFEKKDFVGLDTDSRHYKKRCQGRMRKHVGDLCLQAGMLQDSLVHYHMSVELLRSVNDFLWLGAALEGLCSASVIYHYPGGTGGKSGARRFQGSTLPAEAANRHRPGAQEVLIDPGALTTNGINPDTSTEIGRAKNCLSPEDIIDKYKEAISYYSKYKNAGVIELEACIKAVRVLAIQKRSMEASEFLQNAVYINLRQLSEEEKIQRYSILSELYELIGFHRKSAFFKRVAAMQCVAPSIAEPGWRACYKLLLETLPGYSLSLDPKDFSRGTHRGWAAVQMRLLHELVYASRRMGNPALSVRHLSFLLQTMLDFLSDQEKKDVAQSLENYTSKCPGTMEPIALPGGLTLPPVPFTKLPIVRHVKLLNLPASLRPHKMKSLLGQNVSTKSPFIYSPIIAHNRGEERNKKIDFQWVQGDVCEVQLMVYNPMPFELRVENMGLLTSGVEFESLPAALSLPAESGLYPVTLVGVPQTTGTITVNGYHTTVFGVFSDCLLDNLPGIKTSGSTVEVIPALPRLQISTSLPRSAHSLQPSSGDEISTNVSVQLYNGESQQLIIKLENIGMEPLEKLEVTSKVLTTKEKLYGDFLSWKLEETLAQFPLQPGKVATFTINIKVKLDFSCQENLLQDLSDDGISVSGFPLSSPFRQVVRPRVEGKPVNPPESNKAGDYSHVKTLEAVLNFKYSGGPGHTEGYYRNLSLGLHVEVEPSVFFTRVSTLPATSTRQCHLLLDVFNSTEHELTVSTRSSEALILHAGECQRMAIQVDKFNFESFPESPGEKGQFANPKQLEEERREARGLEIHSKLGICWRIPSLKRSGEASVEGLLNQLVLEHLQLAPLQWDVLVDGQPCDREAVAACQVGDPVRLEVRLTNRSPRSVGPFALTVVPFQDHQNGVHNYDLHDTVSFVGSSTFYLDAVQPSGQSACLGALLFLYTGDFFLHIRFHEDSTSKELPPSWFCLPSVHVCALEAQA,Endoplasmic
Q969X1,MSNPSAPPPYEDRNPLYPGPPPPGGYGQPSVLPGGYPAYPGYPQPGYGHPAGYPQPMPPTHPMPMNYGPGHGYDGEERAVSDSFGPGEWDDRKVRHTFIRKVYSIISVQLLITVAIIAIFTFVEPVSAFVRRNVAVYYVSYAVFVVTYLILACCQGPRRRFPWNIILLTLFTFAMGFMTGTISSMYQTKAVIIAMIITAVVSISVTIFCFQTKVDFTSCTGLFCVLGIVLLVTGIVTSIVLYFQYVYWLHMLYAALGAICFTLFLAYDTQLVLGNRKHTISPEDYITGALQIYTDIIYIFTFVLQLMGDRN,Endoplasmic
Q13509,MREIVHIQAGQCGNQIGAKFWEVISDEHGIDPSGNYVGDSDLQLERISVYYNEASSHKYVPRAILVDLEPGTMDSVRSGAFGHLFRPDNFIFGQSGAGNNWAKGHYTEGAELVDSVLDVVRKECENCDCLQGFQLTHSLGGGTGSGMGTLLISKVREEYPDRIMNTFSVVPSPKVSDTVVEPYNATLSIHQLVENTDETYCIDNEALYDICFRTLKLATPTYGDLNHLVSATMSGVTTSLRFPGQLNADLRKLAVNMVPFPRLHFFMPGFAPLTARGSQQYRALTVPELTQQMFDAKNMMAACDPRHGRYLTVATVFRGRMSMKEVDEQMLAIQSKNSSYFVEWIPNNVKVAVCDIPPRGLKMSSTFIGNSTAIQELFKRISEQFTAMFRRKAFLHWYTGEGMDEMEFTEAESNMNDLVSEYQQYQDATAEEEGEMYEDDEEESEAQGPK,Endoplasmic
P11021,MKLSLVAAMLLLLSAARAEEEDKKEDVGTVVGIDLGTTYSCVGVFKNGRVEIIANDQGNRITPSYVAFTPEGERLIGDAAKNQLTSNPENTVFDAKRLIGRTWNDPSVQQDIKFLPFKVVEKKTKPYIQVDIGGGQTKTFAPEEISAMVLTKMKETAEAYLGKKVTHAVVTVPAYFNDAQRQATKDAGTIAGLNVMRIINEPTAAAIAYGLDKREGEKNILVFDLGGGTFDVSLLTIDNGVFEVVATNGDTHLGGEDFDQRVMEHFIKLYKKKTGKDVRKDNRAVQKLRREVEKAKRALSSQHQARIEIESFYEGEDFSETLTRAKFEELNMDLFRSTMKPVQKVLEDSDLKKSDIDEIVLVGGSTRIPKIQQLVKEFFNGKEPSRGINPDEAVAYGAAVQAGVLSGDQDTGDLVLLDVCPLTLGIETVGGVMTKLIPRNTVVPTKKSQIFSTASDNQPTVTIKVYEGERPLTKDNHLLGTFDLTGIPPAPRGVPQIEVTFEIDVNGILRVTAEDKGTGNKNKITITNDQNRLTPEEIERMVNDAEKFAEEDKKLKERIDTRNELESYAYSLKNQIGDKEKLGGKLSSEDKETMEKAVEEKIEWLESHQDADIEDFKAKKKELEEIVQPIISKLYGSAGPPPTGEEDTAEKDEL,Endoplasmic
