accession,sequence,location,marked_sequence
P04637,MEEPQSDPSVEPPLSQETFSDLWKLLPENNVLSPLPSQAMDDLMLSPDDIEQWFTEDPGPDEAPRMPEAAPPVAPAPAAPTPAAPAPAPSWPLSSSVPSQKTYQGSYGFRLGFLHSGTAKSVTCTYSPALNKMFCQLAKTCPVQLWVDSTPPPGTRVRAMAIYKQSQHMTEVVRRCPHHERCSDSDGLAPPQHLIRVEGNLRVEYLDDRNTFRHSVVVPYEPPEVGSDCTTIHYNYMCNSSCMGGMNRRPILTIITLEDSSGNLLGRNSFEVRVCACPGRDRRTEEENLRKKGEPHHELPPGSTKRALPNNTSSSPQPKKKPLDGEYFTLQIRGRERFEMFRELNEALELKDAQAGKEPGGSRAHSSHLKSKKGQSTSRHKKLMFKTEGPDSD,nucleus,MEEPQSDPSVEPPLSQETFSDLWKLLPENNVLSPLPSQAMDDLMLSPDDIEQWFTEDPGPDEAPRMPEAAPPVAPAPAAPTPAAPAPAPSWPLSSSVPSQKTYQGSYGFRLGFLHSGTAKSVTCTYSPALNKMFCQLAKTCPVQLWVDSTPPPGTRVRAMAIYKQSQHMTEVVRRCPHHERCSDSDGLAPPQHLIRVEGNLRVEYLDDRNTFRHSVVVPYEPPEVGSDCTTIHYNYMCNSSCMGGMNRRPILTIITLEDSSGNLLGRNSFEVRVCACPGRDRRTEEENLRKKGEPHHELPPGSTKRALPNNTSSSPQPKKKPLDGEYFTLQIRGRERFEMFRELNEALELKDAQAGKEPGGSRAHSSHLKSKKGQSTSRHKKLMFKTEGPDSD
P08047,MSDQDHSMDEMTAVVKIEKGVGGNNGGNGNGGGAFSQARSSSTGSSSSTGGGGQESQPSPLALLAATCSRIESPNENSNNSQGPSQSGGTGELDLTATQLSQGANGWQIISSSSGATPTSKEQSGSSTNGSNGSESSKNRTVSGGQYVVAAAPNLQNQQVLTGLPGVMPNIQYQVIPQFQTVDGQQLQFAATGAQVQQDGSGQIQIIPGANQQIITNRGSGGNIIAAMPNLLQQAVPLQGLANNVLSGQTQYVTNVPVALNGNITLLPVNSVSAATLTPSSQAVTISSSGSQESGSQPVTSGTTISSASLVSSQASSSSFFTNANSYSTTTTTSNMGIMNFTTSGSSGTNSQGQTPQRVSGLQGSDALNIQQNQTSGGSLQAGQQKEGEQNQQTQQQQILIQPQLVQGGQALQALQAAPLSGQTFTTQAISQETLQNLQLQAVPNSGPIIIRTPTVGPNGQVSWQTLQLQNLQVQNPQAQTITLAPMQGVSLGQTSSSNTTLTPIASAASIPAGTVTVNAAQLSSMPGLQTINLSALGTSGIQVHPIQGLPLAIANAPGDHGAQLGLHGAGGDGIHDDTAGGEEGENSPDAQPQAGRRTRREACTCPYCKDSEGRGSGDPGKKKQHICHIQGCGKVYGKTSHLRAHLRWHTGERPFMCTWSYCGKRFTRSDELQRHKRTHTGEKKFACPECPKRFMRSDHLSKHIKTHQNKKGGPGVALSVGTLPLDSGAGSEGSGTATPSALITTNMVAMEAICPEGIARLANSGINVMQVADLQSINISGNGF,nucleus,MSDQDHSMDEMTAVVKIEKGVGGNNGGNGNGGGAFSQARSSSTGSSSSTGGGGQESQPSPLALLAATCSRIESPNENSNNSQGPSQSGGTGELDLTATQLSQGANGWQIISSSSGATPTSKEQSGSSTNGSNGSESSKNRTVSGGQYVVAAAPNLQNQQVLTGLPGVMPNIQYQVIPQFQTVDGQQLQFAATGAQVQQDGSGQIQIIPGANQQIITNRGSGGNIIAAMPNLLQQAVPLQGLANNVLSGQTQYVTNVPVALNGNITLLPVNSVSAATLTPSSQAVTISSSGSQESGSQPVTSGTTISSASLVSSQASSSSFFTNANSYSTTTTTSNMGIMNFTTSGSSGTNSQGQTPQRVSGLQGSDALNIQQNQTSGGSLQAGQQKEGEQNQQTQQQQILIQPQLVQGGQALQALQAAPLSGQTFTTQAISQETLQNLQLQAVPNSGPIIIRTPTVGPNGQVSWQTLQLQNLQVQNPQAQTITLAPMQGVSLGQTSSSNTTLTPIASAASIPAGTVTVNAAQLSSMPGLQTINLSALGTSGIQVHPIQGLPLAIANAPGDHGAQLGLHGAGGDGIHDDTAGGEEGENSPDAQPQAGRRTRREACTCPYCKDSEGRGSGDPGKKKQHICHIQGCGKVYGKTSHLRAHLRWHTGERPFMCTWSYCGKRFTRSDELQRHKRTHTGEKKFACPECPKRFMRSDHLSKHIKTHQNKKGGPGVALSVGTLPLDSGAGSEGSGTATPSALITTNMVAMEAICPEGIARLANSGINVMQVADLQSINISGNGF
P10415,MAHAGRTGYDNREIVMKYIHYKLSQRGYEWDAGDVGAAPPGAAPAPGIFSSQPGHTPHPAASRDPVARTSPLQTPAAPGAAAGPALSPVPPVVHLTLRQAGDDFSRRYRRDFAEMSSQLHLTPFTARGRFATVVEELFRDGVNWGRIVAFFEFGGVMCVESVNREMSPLVDNIALWMTEYLNRHLHTWIQDNGGWDAFVELYGPSMRPLFDFSWLSLKTLLSLALVGACITLGAYLGHK,nucleus,MAHAGRTGYDNREIVMKYIHYKLSQRGYEWDAGDVGAAPPGAAPAPGIFSSQPGHTPHPAASRDPVARTSPLQTPAAPGAAAGPALSPVPPVVHLTLRQAGDDFSRRYRRDFAEMSSQLHLTPFTARGRFATVVEELFRDGVNWGRIVAFFEFGGVMCVESVNREMSPLVDNIALWMTEYLNRHLHTWIQDNGGWDAFVELYGPSMRPLFDFSWLSLKTLLSLALVGACITLGAYLGHK
P15311,MPKPINVRVTTMDAELEFAIQPNTTGKQLFDQVVKTIGLREVWYFGLHYVDNKGFPTWLKLDKKVSAQEVRKENPLQFKFRAKFYPEDVAEELIQDITQKLFFLQVKEGILSDEIYCPPETAVLLGSYAVQAKFGDYNKEVHKSGYLSSERLIPQRVMDQHKLTRDQWEDRIQVWHAEHRGMLKDNAMLEYLKIAQDLEMYGINYFEIKNKKGTDLWLGVDALGLNIYEKDDKLTPKIGFPWSEIRNISFNDKKFVIKPIDKKAPDFVFYAPRLRINKRILQLCMGNHELYMRRRKPDTIEVQQMKAQAREEKHQKQLERQQLETEKKRRETVEREKEQMMREKEELMLRLQDYEEKTKKAERELSEQIQRALQLEEERKRAQEEAERLEADRMAALRAKEELERQAVDQIKSQEQLAAELAEYTAKIALLEEARRRKEDEVEEWQHRAKEAQDDLVKTKEELHLVMTAPPPPPPPVYEPVSYHVQESLQDEGAEPTGYSAELSSEGIRDDRNEEKRITEAEKNERVQRQLLTLSSELSQARDENKRTHNDIIHNENMRQGRDKYKTLRQIRQGNTKQRIDEFEAL,nucleus,MPKPINVRVTTMDAELEFAIQPNTTGKQLFDQVVKTIGLREVWYFGLHYVDNKGFPTWLKLDKKVSAQEVRKENPLQFKFRAKFYPEDVAEELIQDITQKLFFLQVKEGILSDEIYCPPETAVLLGSYAVQAKFGDYNKEVHKSGYLSSERLIPQRVMDQHKLTRDQWEDRIQVWHAEHRGMLKDNAMLEYLKIAQDLEMYGINYFEIKNKKGTDLWLGVDALGLNIYEKDDKLTPKIGFPWSEIRNISFNDKKFVIKPIDKKAPDFVFYAPRLRINKRILQLCMGNHELYMRRRKPDTIEVQQMKAQAREEKHQKQLERQQLETEKKRRETVEREKEQMMREKEELMLRLQDYEEKTKKAERELSEQIQRALQLEEERKRAQEEAERLEADRMAALRAKEELERQAVDQIKSQEQLAAELAEYTAKIALLEEARRRKEDEVEEWQHRAKEAQDDLVKTKEELHLVMTAPPPPPPPVYEPVSYHVQESLQDEGAEPTGYSAELSSEGIRDDRNEEKRITEAEKNERVQRQLLTLSSELSQARDENKRTHNDIIHNENMRQGRDKYKTLRQIRQGNTKQRIDEFEAL
Q9Y6K1,MPAMPSSGPGDTSSSAAEREEDRKDGEEQEEPRGKEERQEPSTTARKVGRPGRKRKHPPVESGDTPKDPAVISKSPSMAQDSGASELLPNGDLEKRSEPQPEEGSPAGGQKGGAPAEGEGAAETLPEASRAVENGCCTPKEGRGAPAEAGKEQKETNIESMKMEGSRGRLRGGLGWESSLRQRPMPRLTFQAGDPYYISKRKRDEWLARWKREAEKKAKVIAGMNAVEENQGPGESQKVEEASPPAVQQPTDPASPTVATTPEPVGSDAGDKNATKAGDDEPEYEDGRGFGIGELVWGKLRGFSWWPGRIVSWWMTGRSRAAEGTRWVMWFGDGKFSVVCVEKLMPLSSFCSAFHQATYNKQPMYRKAIYEVLQVASSRAGKLFPVCHDSDESDTAKAVEVQNKPMIEWALGGFQPSGPKGLEPPEEEKNPYKEVYTDMWVEPEAAAYAPPPPAKKPRKSTAEKPKVKEIIDERTRERLVYEVRQKCRNIEDICISCGSLNVTLEHPLFVGGMCQNCKNCFLECAYQYDDDGYQSYCTICCGGREVLMCGNNNCCRCFCVECVDLLVGPGAAQAAIKEDPWNCYMCGHKGTYGLLRRREDWPSRLQMFFANNHDQEFDPPKVYPPVPAEKRKPIRVLSLFDGIATGLLVLKDLGIQVDRYIASEVCEDSITVGMVRHQGKIMYVGDVRSVTQKHIQEWGPFDLVIGGSPCNDLSIVNPARKGLYEGTGRLFFEFYRLLHDARPKEGDDRPFFWLFENVVAMGVSDKRDISRFLESNPVMIDAKEVSAAHRARYFWGNLPGMNRPLASTVNDKLELQECLEHGRIAKFSKVRTITTRSNSIKQGKDQHFPVFMNEKEDILWCTEMERVFGFPVHYTDVSNMSRLARQRLLGRSWSVPVIRHLFAPLKEYFACV,nucleus,MPAMPSSGPGDTSSSAAEREEDRKDGEEQEEPRGKEERQEPSTTARKVGRPGRKRKHPPVESGDTPKDPAVISKSPSMAQDSGASELLPNGDLEKRSEPQPEEGSPAGGQKGGAPAEGEGAAETLPEASRAVENGCCTPKEGRGAPAEAGKEQKETNIESMKMEGSRGRLRGGLGWESSLRQRPMPRLTFQAGDPYYISKRKRDEWLARWKREAEKKAKVIAGMNAVEENQGPGESQKVEEASPPAVQQPTDPASPTVATTPEPVGSDAGDKNATKAGDDEPEYEDGRGFGIGELVWGKLRGFSWWPGRIVSWWMTGRSRAAEGTRWVMWFGDGKFSVVCVEKLMPLSSFCSAFHQATYNKQPMYRKAIYEVLQVASSRAGKLFPVCHDSDESDTAKAVEVQNKPMIEWALGGFQPSGPKGLEPPEEEKNPYKEVYTDMWVEPEAAAYAPPPPAKKPRKSTAEKPKVKEIIDERTRERLVYEVRQKCRNIEDICISCGSLNVTLEHPLFVGGMCQNCKNCFLECAYQYDDDGYQSYCTICCGGREVLMCGNNNCCRCFCVECVDLLVGPGAAQAAIKEDPWNCYMCGHKGTYGLLRRREDWPSRLQMFFANNHDQEFDPPKVYPPVPAEKRKPIRVLSLFDGIATGLLVLKDLGIQVDRYIASEVCEDSITVGMVRHQGKIMYVGDVRSVTQKHIQEWGPFDLVIGGSPCNDLSIVNPARKGLYEGTGRLFFEFYRLLHDARPKEGDDRPFFWLFENVVAMGVSDKRDISRFLESNPVMIDAKEVSAAHRARYFWGNLPGMNRPLASTVNDKLELQECLEHGRIAKFSKVRTITTRSNSIKQGKDQHFPVFMNEKEDILWCTEMERVFGFPVHYTDVSNMSRLARQRLLGRSWSVPVIRHLFAPLKEYFACV
P38398,MDLSALRVEEVQNVINAMQKILECPICLELIKEPVSTKCDHIFCKFCMLKLLNQKKGPSQCPLCKNDITKRSLQESTRFSQLVEELLKIICAFQLDTGLEYANSYNFAKKENNSPEHLKDEVSIIQSMGYRNRAKRLLQSEPENPSLQETSLSVQLSNLGTVRTLRTKQRIQPQKTSVYIELGSDSSEDTVNKATYCSVGDQELLQITPQGTRDEISLDSAKKAACEFSETDVTNTEHHQPSNNDLNTTEKRAAERHPEKYQGSSVSNLHVEPCGTNTHASSLQHENSSLLLTKDRMNVEKAEFCNKSKQPGLARSQHNRWAGSKETCNDRRTPSTEKKVDLNADPLCERKEWNKQKLPCSENPRDTEDVPWITLNSSIQKVNEWFSRSDELLGSDDSHDGESESNAKVADVLDVLNEVDEYSGSSEKIDLLASDPHEALICKSERVHSKSVESNIEDKIFGKTYRKKASLPNLSHVTENLIIGAFVTEPQIIQERPLTNKLKRKRRPTSGLHPEDFIKKADLAVQKTPEMINQGTNQTEQNGQVMNITNSGHENKTKGDSIQNEKNPNPIESLEKESAFKTKAEPISSSISNMELELNIHNSKAPKKNRLRRKSSTRHIHALELVVSRNLSPPNCTELQIDSCSSSEEIKKKKYNQMPVRHSRNLQLMEGKEPATGAKKSNKPNEQTSKRHDSDTFPELKLTNAPGSFTKCSNTSELKEFVNPSLPREEKEEKLETVKVSNNAEDPKDLMLSGERVLQTERSVESSSISLVPGTDYGTQESISLLEVSTLGKAKTEPNKCVSQCAAFENPKGLIHGCSKDNRNDTEGFKYPLGHEVNHSRETSIEMEESELDAQYLQNTFKVSKRQSFAPFSNPGNAEEECATFSAHSGSLKKQSPKVTFECEQKEENQGKNESNIKPVQTVNITAGFPVVGQKDKPVDNAKCSIKGGSRFCLSSQFRGNETGLITPNKHGLLQNPYRIPPLFPIKSFVKTKCKKNLLEENFEEHSMSPEREMGNENIPSTVSTISRNNIRENVFKEASSSNINEVGSSTNEVGSSINEIGSSDENIQAELGRNRGPKLNAMLRLGVLQPEVYKQSLPGSNCKHPEIKKQEYEEVVQTVNTDFSPYLISDNLEQPMGSSHASQVCSETPDDLLDDGEIKEDTSFAENDIKESSAVFSKSVQKGELSRSPSPFTHTHLAQGYRRGAKKLESSEENLSSEDEELPCFQHLLFGKVNNIPSQSTRHSTVATECLSKNTEENLLSLKNSLNDCSNQVILAKASQEHHLSEETKCSASLFSSQCSELEDLTANTNTQDPFLIGSSKQMRHQSESQGVGLSDKELVSDDEERGTGLEENNQEEQSMDSNLGEAASGCESETSVSEDCSGLSSQSDILTTQQRDTMQHNLIKLQQEMAELEAVLEQHGSQPSNSYPSIISDSSALEDLRNPEQSTSEKAVLTSQKSSEYPISQNPEGLSADKFEVSADSSTSKNKEPGVERSSPSKCPSLDDRWYMHSCSGSLQNRNYPSQEELIKVVDVEEQQLEESGPHDLTETSYLPRQDLEGTPYLESGISLFSDDPESDPSEDRAPESARVGNIPSSTSALKVPQLKVAESAQSPAAAHTTDTAGYNAMEESVSREKPELTASTERVNKRMSMVVSGLTPEEFMLVYKFARKHHITLTNLITEETTHVVMKTDAEFVCERTLKYFLGIAGGKWVVSYFWVTQSIKERKMLNEHDFEVRGDVVNGRNHQGPKRARESQDRKIFRGLEICCYGPFTNMPTDQLEWMVQLCGASVVKELSSFTLGTGVHPIVVVQPDAWTEDNGFHAIGQMCEAPVVTREWVLDSVALYQCQELDTYLIPQIPHSHY,nucleus,MDLSALRVEEVQNVINAMQKILECPICLELIKEPVSTKCDHIFCKFCMLKLLNQKKGPSQCPLCKNDITKRSLQESTRFSQLVEELLKIICAFQLDTGLEYANSYNFAKKENNSPEHLKDEVSIIQSMGYRNRAKRLLQSEPENPSLQETSLSVQLSNLGTVRTLRTKQRIQPQKTSVYIELGSDSSEDTVNKATYCSVGDQELLQITPQGTRDEISLDSAKKAACEFSETDVTNTEHHQPSNNDLNTTEKRAAERHPEKYQGSSVSNLHVEPCGTNTHASSLQHENSSLLLTKDRMNVEKAEFCNKSKQPGLARSQHNRWAGSKETCNDRRTPSTEKKVDLNADPLCERKEWNKQKLPCSENPRDTEDVPWITLNSSIQKVNEWFSRSDELLGSDDSHDGESESNAKVADVLDVLNEVDEYSGSSEKIDLLASDPHEALICKSERVHSKSVESNIEDKIFGKTYRKKASLPNLSHVTENLIIGAFVTEPQIIQERPLTNKLKRKRRPTSGLHPEDFIKKADLAVQKTPEMINQGTNQTEQNGQVMNITNSGHENKTKGDSIQNEKNPNPIESLEKESAFKTKAEPISSSISNMELELNIHNSKAPKKNRLRRKSSTRHIHALELVVSRNLSPPNCTELQIDSCSSSEEIKKKKYNQMPVRHSRNLQLMEGKEPATGAKKSNKPNEQTSKRHDSDTFPELKLTNAPGSFTKCSNTSELKEFVNPSLPREEKEEKLETVKVSNNAEDPKDLMLSGERVLQTERSVESSSISLVPGTDYGTQESISLLEVSTLGKAKTEPNKCVSQCAAFENPKGLIHGCSKDNRNDTEGFKYPLGHEVNHSRETSIEMEESELDAQYLQNTFKVSKRQSFAPFSNPGNAEEECATFSAHSGSLKKQSPKVTFECEQKEENQGKNESNIKPVQTVNITAGFPVVGQKDKPVDNAKCSIKGGSRFCLSSQFRGNETGLITPNKHGLLQNPYRIPPLFPIKSFVKTKCKKNLLEENFEEHSMSPEREMGNENIPSTVSTISRNNIRENVFKEASSSNINEVGSSTNEVGSSINEIGSSDENIQAELGRNRGPKLNAMLRLGVLQPEVYKQSLPGSNCKHPEIKKQEYEEVVQTVNTDFSPYLISDNLEQPMGSSHASQVCSETPDDLLDDGEIKEDTSFAENDIKESSAVFSKSVQKGELSRSPSPFTHTHLAQGYRRGAKKLESSEENLSSEDEELPCFQHLLFGKVNNIPSQSTRHSTVATECLSKNTEENLLSLKNSLNDCSNQVILAKASQEHHLSEETKCSASLFSSQCSELEDLTANTNTQDPFLIGSSKQMRHQSESQGVGLSDKELVSDDEERGTGLEENNQEEQSMDSNLGEAASGCESETSVSEDCSGLSSQSDILTTQQRDTMQHNLIKLQQEMAELEAVLEQHGSQPSNSYPSIISDSSALEDLRNPEQSTSEKAVLTSQKSSEYPISQNPEGLSADKFEVSADSSTSKNKEPGVERSSPSKCPSLDDRWYMHSCSGSLQNRNYPSQEELIKVVDVEEQQLEESGPHDLTETSYLPRQDLEGTPYLESGISLFSDDPESDPSEDRAPESARVGNIPSSTSALKVPQLKVAESAQSPAAAHTTDTAGYNAMEESVSREKPELTASTERVNKRMSMVVSGLTPEEFMLVYKFARKHHITLTNLITEETTHVVMKTDAEFVCERTLKYFLGIAGGKWVVSYFWVTQSIKERKMLNEHDFEVRGDVVNGRNHQGPKRARESQDRKIFRGLEICCYGPFTNMPTDQLEWMVQLCGASVVKELSSFTLGTGVHPIVVVQPDAWTEDNGFHAIGQMCEAPVVTREWVLDSVALYQCQELDTYLIPQIPHSHY
P06400,MPPKTPRKTAATAAAAAAEPPAPPPPPPPEEDPEQDSGPEDLPLVRLEFEETEEPDFTALCQKLKIPDHVRERAWLTWEKVSSVDGVLGGYIQKKKELWGICIFIAAVDLDEMSFTFTELQKNIEISVHKFFNLLKEIDTSTKVDNAMSRLLKKYDVLFALFSKLERTCELIYLTQPSSSISTEINSALVLKVSWITFLLAKGEVLQMEDDLVISFQLMLCVLDYFIKLSPPMLLKEPYKTAVIPINGSPRTPRRGQNRSARIAKQLENDTRIIEVLCKEHECNIDEVKNVYFKNFIPFMNSLGLVTSNGLPEVENLSKRYEEIYLKNKDLDARLFLDHDKTLQTDSIDSFETQRTPRKSNLDEEVNVIPPHTPVRTVMNTIQQLMMILNSASDQPSENLISYFNNCTVNPKESILKRVKDIGYIFKEKFAKAVGQGCVEIGSQRYKLGVRLYYRVMESMLKSEEERLSIQNFSKLLNDNIFHMSLLACALEVVMATYSRSTSQNLDSGTDLSFPWILNVLNLKAFDFYKVIESFIKAEGNLTREMIKHLERCEHRIMESLAWLSDSPLFDLIKQSKDREGPTDHLESACPLNLPLQNNHTAADMYLSPVRSPKKKGSTTRVNSTANAETQATSAFQTQKPLKSTSLSLFYKKVYRLAYLRLNTLCERLLSEHPELEHIIWTLFQHTLQNEYELMRDRHLDQIMMCSMYGICKVKNIDLKFKIIVTAYKDLPHAVQETFKRVLIKEEEYDSIIVFYNSVFMQRLKTNILQYASTRPPTLSPIPHIPRSPYKFPSSPLRIPGGNIYISPLKSPYKISEGLPTPTKMTPRSRILVSIGESFGTSEKFQKINQMVCNSDRVLKRSAEGSNPPKPLKKLRFDIEGSDEADGSKHLPGESKFQQKLAEMTSTRTRMQKQKMNDSMDTSNKEEK,nucleus,MPPKTPRKTAATAAAAAAEPPAPPPPPPPEEDPEQDSGPEDLPLVRLEFEETEEPDFTALCQKLKIPDHVRERAWLTWEKVSSVDGVLGGYIQKKKELWGICIFIAAVDLDEMSFTFTELQKNIEISVHKFFNLLKEIDTSTKVDNAMSRLLKKYDVLFALFSKLERTCELIYLTQPSSSISTEINSALVLKVSWITFLLAKGEVLQMEDDLVISFQLMLCVLDYFIKLSPPMLLKEPYKTAVIPINGSPRTPRRGQNRSARIAKQLENDTRIIEVLCKEHECNIDEVKNVYFKNFIPFMNSLGLVTSNGLPEVENLSKRYEEIYLKNKDLDARLFLDHDKTLQTDSIDSFETQRTPRKSNLDEEVNVIPPHTPVRTVMNTIQQLMMILNSASDQPSENLISYFNNCTVNPKESILKRVKDIGYIFKEKFAKAVGQGCVEIGSQRYKLGVRLYYRVMESMLKSEEERLSIQNFSKLLNDNIFHMSLLACALEVVMATYSRSTSQNLDSGTDLSFPWILNVLNLKAFDFYKVIESFIKAEGNLTREMIKHLERCEHRIMESLAWLSDSPLFDLIKQSKDREGPTDHLESACPLNLPLQNNHTAADMYLSPVRSPKKKGSTTRVNSTANAETQATSAFQTQKPLKSTSLSLFYKKVYRLAYLRLNTLCERLLSEHPELEHIIWTLFQHTLQNEYELMRDRHLDQIMMCSMYGICKVKNIDLKFKIIVTAYKDLPHAVQETFKRVLIKEEEYDSIIVFYNSVFMQRLKTNILQYASTRPPTLSPIPHIPRSPYKFPSSPLRIPGGNIYISPLKSPYKISEGLPTPTKMTPRSRILVSIGESFGTSEKFQKINQMVCNSDRVLKRSAEGSNPPKPLKKLRFDIEGSDEADGSKHLPGESKFQQKLAEMTSTRTRMQKQKMNDSMDTSNKEEK
P11387,MSGDHLHNDSQIEADFRLNDSHKHKDKHKDREHRHKEHKKEKDREKSKHSNSEHKDSEKKHKEKEKTKHKDGSSEKHKDKHKDRDKEKRKEEKVRASGDAKIKKEKENGFSSPPQIKDEPEDDGYFVPPKEDIKPLKRPRDEDDADYKPKKIKTEDTKKEKKRKLEEEEDGKLKKPKNKDKDKKVPEPDNKKKKPKKEEEQKWKWWEEERYPEGIKWKFLEHKGPVFAPPYEPLPENVKFYYDGKVMKLSPKAEEVATFFAKMLDHEYTTKEIFRKNFFKDWRKEMTNEEKNIITNLSKCDFTQMSQYFKAQTEARKQMSKEEKLKIKEENEKLLKEYGFCIMDNHKERIANFKIEPPGLFRGRGNHPKMGMLKRRIMPEDIIINCSKDAKVPSPPPGHKWKEVRHDNKVTWLVSWTENIQGSIKYIMLNPSSRIKGEKDWQKYETARRLKKCVDKIRNQYREDWKSKEMKVRQRAVALYFIDKLALRAGNEKEEGETADTVGCCSLRVEHINLHPELDGQEYVVEFDFLGKDSIRYYNKVPVEKRVFKNLQLFMENKQPEDDLFDRLNTGILNKHLQDLMEGLTAKVFRTYNASITLQQQLKELTAPDENIPAKILSYNRANRAVAILCNHQRAPPKTFEKSMMNLQTKIDAKKEQLADARRDLKSAKADAKVMKDAKTKKVVESKKKAVQRLEEQLMKLEVQATDREENKQIALGTSKLNYLDPRITVAWCKKWGVPIEKIYNKTQREKFAWAIDMADEDYEF,nucleus,MSGDHLHNDSQIEADFRLNDSHKHKDKHKDREHRHKEHKKEKDREKSKHSNSEHKDSEKKHKEKEKTKHKDGSSEKHKDKHKDRDKEKRKEEKVRASGDAKIKKEKENGFSSPPQIKDEPEDDGYFVPPKEDIKPLKRPRDEDDADYKPKKIKTEDTKKEKKRKLEEEEDGKLKKPKNKDKDKKVPEPDNKKKKPKKEEEQKWKWWEEERYPEGIKWKFLEHKGPVFAPPYEPLPENVKFYYDGKVMKLSPKAEEVATFFAKMLDHEYTTKEIFRKNFFKDWRKEMTNEEKNIITNLSKCDFTQMSQYFKAQTEARKQMSKEEKLKIKEENEKLLKEYGFCIMDNHKERIANFKIEPPGLFRGRGNHPKMGMLKRRIMPEDIIINCSKDAKVPSPPPGHKWKEVRHDNKVTWLVSWTENIQGSIKYIMLNPSSRIKGEKDWQKYETARRLKKCVDKIRNQYREDWKSKEMKVRQRAVALYFIDKLALRAGNEKEEGETADTVGCCSLRVEHINLHPELDGQEYVVEFDFLGKDSIRYYNKVPVEKRVFKNLQLFMENKQPEDDLFDRLNTGILNKHLQDLMEGLTAKVFRTYNASITLQQQLKELTAPDENIPAKILSYNRANRAVAILCNHQRAPPKTFEKSMMNLQTKIDAKKEQLADARRDLKSAKADAKVMKDAKTKKVVESKKKAVQRLEEQLMKLEVQATDREENKQIALGTSKLNYLDPRITVAWCKKWGVPIEKIYNKTQREKFAWAIDMADEDYEF
Q04637,MNKAPQSTGPPPAPSPGLPQPAFPPGQTAPVVFSTPQATQMNTPSQPRQHFYPSRAQPPSSAASRVQSAAPARPGPAAHVYPAGSQVMMIPSQISYPASQGAYYIPGQGRSTYVVPTQQYPVQPGAPGFYPGASPTEFGTYAGAYYPAQGVQQFPTGVAPTPVLMNQPPQIAPKRERKTIRIRDPNQGGKDITEEIMSGARTASTPTPPQTGGGLEPQANGETPQVAVIVRPDDRSQGAIIADRPGLPGPEHSPSESQPSSPSPTPSPSPVLEPGSEPNLAVLSIPGDTMTTIQMSVEESTPISRETGEPYRLSPEPTPLAEPILEVEVTLSKPVPESEFSSSPLQAPTPLASHTVEIHEPNGMVPSEDLEPEVESSPELAPPPACPSESPVPIAPTAQPEELLNGAPSPPAVDLSPVSEPEEQAKEVTASMAPPTIPSATPATAPSATSPAQEEEMEEEEEEEEGEAGEAGEAESEKGGEELLPPESTPIPANLSQNLEAAAATQVAVSVPKRRRKIKELNKKEAVGDLLDAFKEANPAVPEVENQPPAGSNPGPESEGSGVPPRPEEADETWDSKEDKIHNAENIQPGEQKYEYKSDQWKPLNLEEKKRYDREFLLGFQFIFASMQKPEGLPHISDVVLDKANKTPLRPLDPTRLQGINCGPDFTPSFANLGRTTLSTRGPPRGGPGGELPRGPAGLGPRRSQQGPRKEPRKIIATVLMTEDIKLNKAEKAWKPSSKRTAADKDRGEEDADGSKTQDLFRRVRSILNKLTPQMFQQLMKQVTQLAIDTEERLKGVIDLIFEKAISEPNFSVAYANMCRCLMALKVPTTEKPTVTVNFRKLLLNRCQKEFEKDKDDDEVFEKKQKEMDEAATAEERGRLKEELEEARDIARRRSLGNIKFIGELFKLKMLTEAIMHDCVVKLLKNHDEESLECLCRLLTTIGKDLDFEKAKPRMDQYFNQMEKIIKEKKTSSRIRFMLQDVLDLRGSNWVPRRGDQGPKTIDQIHKEAEMEEHREHIKVQQLMAKGSDKRRGGPPGPPISRGLPLVDDGGWNTVPISKGSRPIDTSRLTKITKPGSIDSNNQLFAPGGRLSWGKGSSGGSGAKPSDAASEAARPATSTLNRFSALQQAVPTESTDNRRVVQRSSLSRERGEKAGDRGDRLERSERGGDRGDRLDRARTPATKRSFSKEVEERSRERPSQPEGLRKAASLTEDRDRGRDAVKREAALPPVSPLKAALSEEELEKKSKAIIEEYLHLNDMKEAVQCVQELASPSLLFIFVRHGVESTLERSAIAREHMGQLLHQLLCAGHLSTAQYYQGLYEILELAEDMEIDIPHVWLYLAELVTPILQEGGVPMGELFREITKPLRPLGKAASLLLEILGLLCKSMGPKKVGTLWREAGLSWKEFLPEGQDIGAFVAEQKVEYTLGEESEAPGQRALPSEELNRQLEKLLKEGSSNQRVFDWIEANLSEQQIVSNTLVRALMTAVCYSAIIFETPLRVDVAVLKARAKLLQKYLCDEQKELQALYALQALVVTLEQPPNLLRMFFDALYDEDVVKEDAFYSWESSKDPAEQQGKGVALKSVTAFFKWLREAEEESDHN,nucleus,MNKAPQSTGPPPAPSPGLPQPAFPPGQTAPVVFSTPQATQMNTPSQPRQHFYPSRAQPPSSAASRVQSAAPARPGPAAHVYPAGSQVMMIPSQISYPASQGAYYIPGQGRSTYVVPTQQYPVQPGAPGFYPGASPTEFGTYAGAYYPAQGVQQFPTGVAPTPVLMNQPPQIAPKRERKTIRIRDPNQGGKDITEEIMSGARTASTPTPPQTGGGLEPQANGETPQVAVIVRPDDRSQGAIIADRPGLPGPEHSPSESQPSSPSPTPSPSPVLEPGSEPNLAVLSIPGDTMTTIQMSVEESTPISRETGEPYRLSPEPTPLAEPILEVEVTLSKPVPESEFSSSPLQAPTPLASHTVEIHEPNGMVPSEDLEPEVESSPELAPPPACPSESPVPIAPTAQPEELLNGAPSPPAVDLSPVSEPEEQAKEVTASMAPPTIPSATPATAPSATSPAQEEEMEEEEEEEEGEAGEAGEAESEKGGEELLPPESTPIPANLSQNLEAAAATQVAVSVPKRRRKIKELNKKEAVGDLLDAFKEANPAVPEVENQPPAGSNPGPESEGSGVPPRPEEADETWDSKEDKIHNAENIQPGEQKYEYKSDQWKPLNLEEKKRYDREFLLGFQFIFASMQKPEGLPHISDVVLDKANKTPLRPLDPTRLQGINCGPDFTPSFANLGRTTLSTRGPPRGGPGGELPRGPAGLGPRRSQQGPRKEPRKIIATVLMTEDIKLNKAEKAWKPSSKRTAADKDRGEEDADGSKTQDLFRRVRSILNKLTPQMFQQLMKQVTQLAIDTEERLKGVIDLIFEKAISEPNFSVAYANMCRCLMALKVPTTEKPTVTVNFRKLLLNRCQKEFEKDKDDDEVFEKKQKEMDEAATAEERGRLKEELEEARDIARRRSLGNIKFIGELFKLKMLTEAIMHDCVVKLLKNHDEESLECLCRLLTTIGKDLDFEKAKPRMDQYFNQMEKIIKEKKTSSRIRFMLQDVLDLRGSNWVPRRGDQGPKTIDQIHKEAEMEEHREHIKVQQLMAKGSDKRRGGPPGPPISRGLPLVDDGGWNTVPISKGSRPIDTSRLTKITKPGSIDSNNQLFAPGGRLSWGKGSSGGSGAKPSDAASEAARPATSTLNRFSALQQAVPTESTDNRRVVQRSSLSRERGEKAGDRGDRLERSERGGDRGDRLDRARTPATKRSFSKEVEERSRERPSQPEGLRKAASLTEDRDRGRDAVKREAALPPVSPLKAALSEEELEKKSKAIIEEYLHLNDMKEAVQCVQELASPSLLFIFVRHGVESTLERSAIAREHMGQLLHQLLCAGHLSTAQYYQGLYEILELAEDMEIDIPHVWLYLAELVTPILQEGGVPMGELFREITKPLRPLGKAASLLLEILGLLCKSMGPKKVGTLWREAGLSWKEFLPEGQDIGAFVAEQKVEYTLGEESEAPGQRALPSEELNRQLEKLLKEGSSNQRVFDWIEANLSEQQIVSNTLVRALMTAVCYSAIIFETPLRVDVAVLKARAKLLQKYLCDEQKELQALYALQALVVTLEQPPNLLRMFFDALYDEDVVKEDAFYSWESSKDPAEQQGKGVALKSVTAFFKWLREAEEESDHN
P27348,MEKTELIQKAKLAEQAERYDDMATCMKAVTEQGAELSNEERNLLSVAYKNVVGGRRSAWRVISSIEQKTDTSDKKLQLIKDYREKVESELRSICTTVLELLDKYLIANATNPESKVFYLKMKGDYFRYLAEVACGDDRKQTIDNSQGAYQEAFDISKKEMQPTHPIRLGLALNFSVFYYEILNNPELACTLAKTAFDEAIAELDTLNEDSYKDSTLIMQLLRDNLTLWTSDSAGEECDAAEGAEN,nucleus,MEKTELIQKAKLAEQAERYDDMATCMKAVTEQGAELSNEERNLLSVAYKNVVGGRRSAWRVISSIEQKTDTSDKKLQLIKDYREKVESELRSICTTVLELLDKYLIANATNPESKVFYLKMKGDYFRYLAEVACGDDRKQTIDNSQGAYQEAFDISKKEMQPTHPIRLGLALNFSVFYYEILNNPELACTLAKTAFDEAIAELDTLNEDSYKDSTLIMQLLRDNLTLWTSDSAGEECDAAEGAEN
P60709,MDDDIAALVVDNGSGMCKAGFAGDDAPRAVFPSIVGRPRHQGVMVGMGQKDSYVGDEAQSKRGILTLKYPIEHGIVTNWDDMEKIWHHTFYNELRVAPEEHPVLLTEAPLNPKANREKMTQIMFETFNTPAMYVAIQAVLSLYASGRTTGIVMDSGDGVTHTVPIYEGYALPHAILRLDLAGRDLTDYLMKILTERGYSFTTTAEREIVRDIKEKLCYVALDFEQEMATAASSSSLEKSYELPDGQVITIGNERFRCPEALFQPSFLGMESCGIHETTFNSIMKCDVDIRKDLYANTVLSGGTTMYPGIADRMQKEITALAPSTMKIKIIAPPERKYSVWIGGSILASLSTFQQMWISKQEYDESGPSIVHRKCF,cytoplasm,MDDDIAALVVDNGSGMCKAGFAGDDAPRAVFPSIVGRPRHQGVMVGMGQKDSYVGDEAQSKRGILTLKYPIEHGIVTNWDDMEKIWHHTFYNELRVAPEEHPVLLTEAPLNPKANREKMTQIMFETFNTPAMYVAIQAVLSLYASGRTTGIVMDSGDGVTHTVPIYEGYALPHAILRLDLAGRDLTDYLMKILTERGYSFTTTAEREIVRDIKEKLCYVALDFEQEMATAASSSSLEKSYELPDGQVITIGNERFRCPEALFQPSFLGMESCGIHETTFNSIMKCDVDIRKDLYANTVLSGGTTMYPGIADRMQKEITALAPSTMKIKIIAPPERKYSVWIGGSILASLSTFQQMWISKQEYDESGPSIVHRKCF
P07830,MDGEDVQALVIDNGSGMCKAGFAGDDAPRAVFPSIVGRPRHTGVMVGMGQKDSYVGDEAQSKRGILTLKYPIEHGIVTNWDDMEKIWHHTFYNELRVAPEEHPVLLTEAPLNPKANREKMTQIMFETFNTPAMYVAIQAVLSLYASGRTTGIVMDSGDGVSHTVPIYEGYALPHAILRLDLAGRDLTDYMMKILTERGYSFTTTAEREIVRDIKEKLAYVALDFEAEMQTAASSSALEKSYELPDGQVITIGNERFRCPEALFQPSFLGMESAGIHETTYNSIMKCDVDIRKDLYGNVVLSGGTTMFPGIADRMNKELTALAPSTMKIKIIAPPERKYSVWIGGSILASLSTFQQMWISKEEYDESGPSIVHRKCF,cytoplasm,MDGEDVQALVIDNGSGMCKAGFAGDDAPRAVFPSIVGRPRHTGVMVGMGQKDSYVGDEAQSKRGILTLKYPIEHGIVTNWDDMEKIWHHTFYNELRVAPEEHPVLLTEAPLNPKANREKMTQIMFETFNTPAMYVAIQAVLSLYASGRTTGIVMDSGDGVSHTVPIYEGYALPHAILRLDLAGRDLTDYMMKILTERGYSFTTTAEREIVRDIKEKLAYVALDFEAEMQTAASSSALEKSYELPDGQVITIGNERFRCPEALFQPSFLGMESAGIHETTYNSIMKCDVDIRKDLYGNVVLSGGTTMFPGIADRMNKELTALAPSTMKIKIIAPPERKYSVWIGGSILASLSTFQQMWISKEEYDESGPSIVHRKCF
P41217,MERLVIRMPFSHLSTYSLVWVMAAVVLCTAQVQVVTQDEREQLYTPASLKCSLQNAQEALIVTWQKKKAVSPENMVTFSENHGVVIQPAYKDKINITQLGLQNSTITFWNITLEDEGCYMCLFNTFGFGKISGTACLTVYVQPIVSLHYKFSEDHLNITCSATARPAPMVFWKVPRSGIENSTVTLSHPNGTTSVTSILHIKDPKNQVGKEVICQVLHLGTVTDFKQTVNKGYWFSVPLLLSIVSLVILLVLISILLYWKRHRNQDRGELSQGVQKMT,cytoplasm,MERLVIRMPFSHLSTYSLVWVMAAVVLCTAQVQVVTQDEREQLYTPASLKCSLQNAQEALIVTWQKKKAVSPENMVTFSENHGVVIQPAYKDKINITQLGLQNSTITFWNITLEDEGCYMCLFNTFGFGKISGTACLTVYVQPIVSLHYKFSEDHLNITCSATARPAPMVFWKVPRSGIENSTVTLSHPNGTTSVTSILHIKDPKNQVGKEVICQVLHLGTVTDFKQTVNKGYWFSVPLLLSIVSLVILLVLISILLYWKRHRNQDRGELSQGVQKMT
Q99459,MPRIMIKGGVWRNTEDEILKAAVMKYGKNQWSRIASLLHRKSAKQCKARWYEWLDPSIKKTEWSREEEEKLLHLAKLMPTQWRTIAPIIGRTAAQCLEHYEFLLDKAAQRDNEEETTDDPRKLKPGEIDPNPETKPARPDPIDMDEDELEMLSEARARLANTQGKKAKRKAREKQLEEARRLAALQKRRELRAAGIEIQKKRKRKRGVDYNAEIPFEKKPALGFYDTSEENYQALDADFRKLRQQDLDGELRSEKEGRDRKKDKQHLKRKKESDLPSAILQTSGVSEFTKKRSKLVLPAPQISDAELQEVVKVGQASEIARQTAEESGITNSASSTLLSEYNVTNNSVALRTPRTPASQDRILQEAQNLMALTNVDTPLKGGLNTPLHESDFSGVTPQRQVVQTPNTVLSTPFRTPSNGAEGLTPRSGTTPKPVINSTPGRTPLRDKLNINPEDGMADYSDPSYVKQMERESREHLRLGLLGLPAPKNDFEIVLPENAEKELEEREIDDTYIEDAADVDARKQAIRDAERVKEMKRMHKAVQKDLPRPSEVNETILRPLNVEPPLTDLQKSEELIKKEMITMLHYDLLHHPYEPSGNKKGKTVGFGTNNSEHITYLEHNPYEKFSKEELKKAQDVLVQEMEVVKQGMSHGELSSEAYNQVWEECYSQVLYLPGQSRYTRANLASKKDRIESLEKRLEINRGHMTTEAKRAAKMEKKMKILLGGYQSRAMGLMKQLNDLWDQIEQAHLELRTFEELKKHEDSAIPRRLECLKEDVQRQQEREKELQHRYADLLLEKETLKSKF,cytoplasm,MPRIMIKGGVWRNTEDEILKAAVMKYGKNQWSRIASLLHRKSAKQCKARWYEWLDPSIKKTEWSREEEEKLLHLAKLMPTQWRTIAPIIGRTAAQCLEHYEFLLDKAAQRDNEEETTDDPRKLKPGEIDPNPETKPARPDPIDMDEDELEMLSEARARLANTQGKKAKRKAREKQLEEARRLAALQKRRELRAAGIEIQKKRKRKRGVDYNAEIPFEKKPALGFYDTSEENYQALDADFRKLRQQDLDGELRSEKEGRDRKKDKQHLKRKKESDLPSAILQTSGVSEFTKKRSKLVLPAPQISDAELQEVVKVGQASEIARQTAEESGITNSASSTLLSEYNVTNNSVALRTPRTPASQDRILQEAQNLMALTNVDTPLKGGLNTPLHESDFSGVTPQRQVVQTPNTVLSTPFRTPSNGAEGLTPRSGTTPKPVINSTPGRTPLRDKLNINPEDGMADYSDPSYVKQMERESREHLRLGLLGLPAPKNDFEIVLPENAEKELEEREIDDTYIEDAADVDARKQAIRDAERVKEMKRMHKAVQKDLPRPSEVNETILRPLNVEPPLTDLQKSEELIKKEMITMLHYDLLHHPYEPSGNKKGKTVGFGTNNSEHITYLEHNPYEKFSKEELKKAQDVLVQEMEVVKQGMSHGELSSEAYNQVWEECYSQVLYLPGQSRYTRANLASKKDRIESLEKRLEINRGHMTTEAKRAAKMEKKMKILLGGYQSRAMGLMKQLNDLWDQIEQAHLELRTFEELKKHEDSAIPRRLECLKEDVQRQQEREKELQHRYADLLLEKETLKSKF
P49411,MTTMAAATLLRATPHFSGLAAGRTFLLQGLLRLLKAPALPLLCRGLAVEAKKTYVRDKPHVNVGTIGHVDHGKTTLTAAITKILAEGGGAKFKKYEEIDNAPEERARGITINAAHVEYSTAARHYAHTDCPGHADYVKNMITGTAPLDGCILVVAANDGPMPQTREHLLLARQIGVEHVVVYVNKADAVQDSEMVELVELEIRELLTEFGYKGEETPVIVGSALCALEGRDPELGLKSVQKLLDAVDTYIPVPARDLEKPFLLPVEAVYSVPGRGTVVTGTLERGILKKGDECELLGHSKNIRTVVTGIEMFHKSLERAEAGDNLGALVRGLKREDLRRGLVMVKPGSIKPHQKVEAQVYILSKEEGGRHKPFVSHFMPVMFSLTWDMACRIILPPEKELAMPGEDLKFNLILRQPMILEKGQRFTLRDGNRTIGTGLVTNTLAMTEEEKNIKWG,cytoplasm,MTTMAAATLLRATPHFSGLAAGRTFLLQGLLRLLKAPALPLLCRGLAVEAKKTYVRDKPHVNVGTIGHVDHGKTTLTAAITKILAEGGGAKFKKYEEIDNAPEERARGITINAAHVEYSTAARHYAHTDCPGHADYVKNMITGTAPLDGCILVVAANDGPMPQTREHLLLARQIGVEHVVVYVNKADAVQDSEMVELVELEIRELLTEFGYKGEETPVIVGSALCALEGRDPELGLKSVQKLLDAVDTYIPVPARDLEKPFLLPVEAVYSVPGRGTVVTGTLERGILKKGDECELLGHSKNIRTVVTGIEMFHKSLERAEAGDNLGALVRGLKREDLRRGLVMVKPGSIKPHQKVEAQVYILSKEEGGRHKPFVSHFMPVMFSLTWDMACRIILPPEKELAMPGEDLKFNLILRQPMILEKGQRFTLRDGNRTIGTGLVTNTLAMTEEEKNIKWG
P63104,MDKNELVQKAKLAEQAERYDDMAACMKSVTEQGAELSNEERNLLSVAYKNVVGARRSSWRVVSSIEQKTEGAEKKQQMAREYREKIETELRDICNDVLSLLEKFLIPNASQAESKVFYLKMKGDYYRYLAEVAAGDDKKGIVDQSQQAYQEAFEISKKEMQPTHPIRLGLALNFSVFYYEILNSPEKACSLAKTAFDEAIAELDTLSEESYKDSTLIMQLLRDNLTLWTSDTQGDEAEAGEGGEN,cytoplasm,MDKNELVQKAKLAEQAERYDDMAACMKSVTEQGAELSNEERNLLSVAYKNVVGARRSSWRVVSSIEQKTEGAEKKQQMAREYREKIETELRDICNDVLSLLEKFLIPNASQAESKVFYLKMKGDYYRYLAEVAAGDDKKGIVDQSQQAYQEAFEISKKEMQPTHPIRLGLALNFSVFYYEILNSPEKACSLAKTAFDEAIAELDTLSEESYKDSTLIMQLLRDNLTLWTSDTQGDEAEAGEGGEN
P31946,MTMDKSELVQKAKLAEQAERYDDMAAAMKAVTEQGHELSNEERNLLSVAYKNVVGARRSSWRVISSIEQKTERNEKKQQMGKEYREKIEAELQDICNDVLELLDKYLIPNATQPESKVFYLKMKGDYFRYLSEVASGDNKQTTVSNSQQAYQEAFEISKKEMQPTHPIRLGLALNFSVFYYEILNSPEKACSLAKTAFDEAIAELDTLNEESYKDSTLIMQLLRDNLTLWTSENQGDEGDAGEGEN,cytoplasm,MTMDKSELVQKAKLAEQAERYDDMAAAMKAVTEQGHELSNEERNLLSVAYKNVVGARRSSWRVISSIEQKTERNEKKQQMGKEYREKIEAELQDICNDVLELLDKYLIPNATQPESKVFYLKMKGDYFRYLSEVASGDNKQTTVSNSQQAYQEAFEISKKEMQPTHPIRLGLALNFSVFYYEILNSPEKACSLAKTAFDEAIAELDTLNEESYKDSTLIMQLLRDNLTLWTSENQGDEGDAGEGEN
Q06830,MSSGNAKIGHPAPNFKATAVMPDGQFKDISLSDYKGKYVVFFFYPLDFTFVCPTEIIAFSDRAEEFKKLNCQVIGASVDSHFCHLAWVNTPKKQGGLGPMNIPLVSDPKRTIAQDYGVLKADEGISFRGLFIIDDKGILRQITVNDLPVGRSVDETLRLVQAFQFTDKHGEVCPAGWKPGSDTIKPDVQKSKEYFSKQK,cytoplasm,MSSGNAKIGHPAPNFKATAVMPDGQFKDISLSDYKGKYVVFFFYPLDFTFVCPTEIIAFSDRAEEFKKLNCQVIGASVDSHFCHLAWVNTPKKQGGLGPMNIPLVSDPKRTIAQDYGVLKADEGISFRGLFIIDDKGILRQITVNDLPVGRSVDETLRLVQAFQFTDKHGEVCPAGWKPGSDTIKPDVQKSKEYFSKQK
P21333,MSSSHSRAGQSAAGAAPGGGVDTRDAEMPATEKDLAEDAPWKKIQQNTFTRWCNEHLKCVSKRIANLQTDLSDGLRLIALLEVLSQKKMHRKHNQRPTFRQMQLENVSVALEFLDRESIKLVSIDSKAIVDGNLKLILGLIWTLILHYSISMPMWDEEEDEEAKKQTPKQRLLGWIQNKLPQLPITNFSRDWQSGRALGALVDSCAPGLCPDWDSWDASKPVTNAREAMQQADDWLGIPQVITPEEIVDPNVDEHSVMTYLSQFPKAKLKPGAPLRPKLNPKKARAYGPGIEPTGNMVKKRAEFTVETRSAGQGEVLVYVEDPAGHQEEAKVTANNDKNRTFSVWYVPEVTGTHKVTVLFAGQHIAKSPFEVYVDKSQGDASKVTAQGPGLEPSGNIANKTTYFEIFTAGAGTGEVEVVIQDPMGQKGTVEPQLEARGDSTYRCSYQPTMEGVHTVHVTFAGVPIPRSPYTVTVGQACNPSACRAVGRGLQPKGVRVKETADFKVYTKGAGSGELKVTVKGPKGEERVKQKDLGDGVYGFEYYPMVPGTYIVTITWGGQNIGRSPFEVKVGTECGNQKVRAWGPGLEGGVVGKSADFVVEAIGDDVGTLGFSVEGPSQAKIECDDKGDGSCDVRYWPQEAGEYAVHVLCNSEDIRLSPFMADIRDAPQDFHPDRVKARGPGLEKTGVAVNKPAEFTVDAKHGGKAPLRVQVQDNEGCPVEALVKDNGNGTYSCSYVPRKPVKHTAMVSWGGVSIPNSPFRVNVGAGSHPNKVKVYGPGVAKTGLKAHEPTYFTVDCAEAGQGDVSIGIKCAPGVVGPAEADIDFDIIRNDNDTFTVKYTPRGAGSYTIMVLFADQATPTSPIRVKVEPSHDASKVKAEGPGLSRTGVELGKPTHFTVNAKAAGKGKLDVQFSGLTKGDAVRDVDIIDHHDNTYTVKYTPVQQGPVGVNVTYGGDPIPKSPFSVAVSPSLDLSKIKVSGLGEKVDVGKDQEFTVKSKGAGGQGKVASKIVGPSGAAVPCKVEPGLGADNSVVRFLPREEGPYEVEVTYDGVPVPGSPFPLEAVAPTKPSKVKAFGPGLQGGSAGSPARFTIDTKGAGTGGLGLTVEGPCEAQLECLDNGDGTCSVSYVPTEPGDYNINILFADTHIPGSPFKAHVVPCFDASKVKCSGPGLERATAGEVGQFQVDCSSAGSAELTIEICSEAGLPAEVYIQDHGDGTHTITYIPLCPGAYTVTIKYGGQPVPNFPSKLQVEPAVDTSGVQCYGPGIEGQGVFREATTEFSVDARALTQTGGPHVKARVANPSGNLTETYVQDRGDGMYKVEYTPYEEGLHSVDVTYDGSPVPSSPFQVPVTEGCDPSRVRVHGPGIQSGTTNKPNKFTVETRGAGTGGLGLAVEGPSEAKMSCMDNKDGSCSVEYIPYEAGTYSLNVTYGGHQVPGSPFKVPVHDVTDASKVKCSGPGLSPGMVRANLPQSFQVDTSKAGVAPLQVKVQGPKGLVEPVDVVDNADGTQTVNYVPSREGPYSISVLYGDEEVPRSPFKVKVLPTHDASKVKASGPGLNTTGVPASLPVEFTIDAKDAGEGLLAVQITDPEGKPKKTHIQDNHDGTYTVAYVPDVTGRYTILIKYGGDEIPFSPYRVRAVPTGDASKCTVTVSIGGHGLGAGIGPTIQIGEETVITVDTKAAGKGKVTCTVCTPDGSEVDVDVVENEDGTFDIFYTAPQPGKYVICVRFGGEHVPNSPFQVTALAGDQPSVQPPLRSQQLAPQYTYAQGGQQTWAPERPLVGVNGLDVTSLRPFDLVIPFTIKKGEITGEVRMPSGKVAQPTITDNKDGTVTVRYAPSEAGLHEMDIRYDNMHIPGSPLQFYVDYVNCGHVTAYGPGLTHGVVNKPATFTVNTKDAGEGGLSLAIEGPSKAEISCTDNQDGTCSVSYLPVLPGDYSILVKYNEQHVPGSPFTARVTGDDSMRMSHLKVGSAADIPINISETDLSLLTATVVPPSGREEPCLLKRLRNGHVGISFVPKETGEHLVHVKKNGQHVASSPIPVVISQSEIGDASRVRVSGQGLHEGHTFEPAEFIIDTRDAGYGGLSLSIEGPSKVDINTEDLEDGTCRVTYCPTEPGNYIINIKFADQHVPGSPFSVKVTGEGRVKESITRRRRAPSVANVGSHCDLSLKIPEISIQDMTAQVTSPSGKTHEAEIVEGENHTYCIRFVPAEMGTHTVSVKYKGQHVPGSPFQFTVGPLGEGGAHKVRAGGPGLERAEAGVPAEFSIWTREAGAGGLAIAVEGPSKAEISFEDRKDGSCGVAYVVQEPGDYEVSVKFNEEHIPDSPFVVPVASPSGDARRLTVSSLQESGLKVNQPASFAVSLNGAKGAIDAKVHSPSGALEECYVTEIDQDKYAVRFIPRENGVYLIDVKFNGTHIPGSPFKIRVGEPGHGGDPGLVSAYGAGLEGGVTGNPAEFVVNTSNAGAGALSVTIDGPSKVKMDCQECPEGYRVTYTPMAPGSYLISIKYGGPYHIGGSPFKAKVTGPRLVSNHSLHETSSVFVDSLTKATCAPQHGAPGPGPADASKVVAKGLGLSKAYVGQKSSFTVDCSKAGNNMLLVGVHGPRTPCEEILVKHVGSRLYSVSYLLKDKGEYTLVVKWGDEHIPGSPYRVVVP,cytoplasm,MSSSHSRAGQSAAGAAPGGGVDTRDAEMPATEKDLAEDAPWKKIQQNTFTRWCNEHLKCVSKRIANLQTDLSDGLRLIALLEVLSQKKMHRKHNQRPTFRQMQLENVSVALEFLDRESIKLVSIDSKAIVDGNLKLILGLIWTLILHYSISMPMWDEEEDEEAKKQTPKQRLLGWIQNKLPQLPITNFSRDWQSGRALGALVDSCAPGLCPDWDSWDASKPVTNAREAMQQADDWLGIPQVITPEEIVDPNVDEHSVMTYLSQFPKAKLKPGAPLRPKLNPKKARAYGPGIEPTGNMVKKRAEFTVETRSAGQGEVLVYVEDPAGHQEEAKVTANNDKNRTFSVWYVPEVTGTHKVTVLFAGQHIAKSPFEVYVDKSQGDASKVTAQGPGLEPSGNIANKTTYFEIFTAGAGTGEVEVVIQDPMGQKGTVEPQLEARGDSTYRCSYQPTMEGVHTVHVTFAGVPIPRSPYTVTVGQACNPSACRAVGRGLQPKGVRVKETADFKVYTKGAGSGELKVTVKGPKGEERVKQKDLGDGVYGFEYYPMVPGTYIVTITWGGQNIGRSPFEVKVGTECGNQKVRAWGPGLEGGVVGKSADFVVEAIGDDVGTLGFSVEGPSQAKIECDDKGDGSCDVRYWPQEAGEYAVHVLCNSEDIRLSPFMADIRDAPQDFHPDRVKARGPGLEKTGVAVNKPAEFTVDAKHGGKAPLRVQVQDNEGCPVEALVKDNGNGTYSCSYVPRKPVKHTAMVSWGGVSIPNSPFRVNVGAGSHPNKVKVYGPGVAKTGLKAHEPTYFTVDCAEAGQGDVSIGIKCAPGVVGPAEADIDFDIIRNDNDTFTVKYTPRGAGSYTIMVLFADQATPTSPIRVKVEPSHDASKVKAEGPGLSRTGVELGKPTHFTVNAKAAGKGKLDVQFSGLTKGDAVRDVDIIDHHDNTYTVKYTPVQQGPVGVNVTYGGDPIPKSPFSVAVSPSLDLSKIKVSGLGEKVDVGKDQEFTVKSKGAGGQGKVASKIVGPSGAAVPCKVEPGLGADNSVVRFLPREEGPYEVEVTYDGVPVPGSPFPLEAVAPTKPSKVKAFGPGLQGGSAGSPARFTIDTKGAGTGGLGLTVEGPCEAQLECLDNGDGTCSVSYVPTEPGDYNINILFADTHIPGSPFKAHVVPCFDASKVKCSGPGLERATAGEVGQFQVDCSSAGSAELTIEICSEAGLPAEVYIQDHGDGTHTITYIPLCPGAYTVTIKYGGQPVPNFPSKLQVEPAVDTSGVQCYGPGIEGQGVFREATTEFSVDARALTQTGGPHVKARVANPSGNLTETYVQDRGDGMYKVEYTPYEEGLHSVDVTYDGSPVPSSPFQVPVTEGCDPSRVRVHGPGIQSGTTNKPNKFTVETRGAGTGGLGLAVEGPSEAKMSCMDNKDGSCSVEYIPYEAGTYSLNVTYGGHQVPGSPFKVPVHDVTDASKVKCSGPGLSPGMVRANLPQSFQVDTSKAGVAPLQVKVQGPKGLVEPVDVVDNADGTQTVNYVPSREGPYSISVLYGDEEVPRSPFKVKVLPTHDASKVKASGPGLNTTGVPASLPVEFTIDAKDAGEGLLAVQITDPEGKPKKTHIQDNHDGTYTVAYVPDVTGRYTILIKYGGDEIPFSPYRVRAVPTGDASKCTVTVSIGGHGLGAGIGPTIQIGEETVITVDTKAAGKGKVTCTVCTPDGSEVDVDVVENEDGTFDIFYTAPQPGKYVICVRFGGEHVPNSPFQVTALAGDQPSVQPPLRSQQLAPQYTYAQGGQQTWAPERPLVGVNGLDVTSLRPFDLVIPFTIKKGEITGEVRMPSGKVAQPTITDNKDGTVTVRYAPSEAGLHEMDIRYDNMHIPGSPLQFYVDYVNCGHVTAYGPGLTHGVVNKPATFTVNTKDAGEGGLSLAIEGPSKAEISCTDNQDGTCSVSYLPVLPGDYSILVKYNEQHVPGSPFTARVTGDDSMRMSHLKVGSAADIPINISETDLSLLTATVVPPSGREEPCLLKRLRNGHVGISFVPKETGEHLVHVKKNGQHVASSPIPVVISQSEIGDASRVRVSGQGLHEGHTFEPAEFIIDTRDAGYGGLSLSIEGPSKVDINTEDLEDGTCRVTYCPTEPGNYIINIKFADQHVPGSPFSVKVTGEGRVKESITRRRRAPSVANVGSHCDLSLKIPEISIQDMTAQVTSPSGKTHEAEIVEGENHTYCIRFVPAEMGTHTVSVKYKGQHVPGSPFQFTVGPLGEGGAHKVRAGGPGLERAEAGVPAEFSIWTREAGAGGLAIAVEGPSKAEISFEDRKDGSCGVAYVVQEPGDYEVSVKFNEEHIPDSPFVVPVASPSGDARRLTVSSLQESGLKVNQPASFAVSLNGAKGAIDAKVHSPSGALEECYVTEIDQDKYAVRFIPRENGVYLIDVKFNGTHIPGSPFKIRVGEPGHGGDPGLVSAYGAGLEGGVTGNPAEFVVNTSNAGAGALSVTIDGPSKVKMDCQECPEGYRVTYTPMAPGSYLISIKYGGPYHIGGSPFKAKVTGPRLVSNHSLHETSSVFVDSLTKATCAPQHGAPGPGPADASKVVAKGLGLSKAYVGQKSSFTVDCSKAGNNMLLVGVHGPRTPCEEILVKHVGSRLYSVSYLLKDKGEYTLVVKWGDEHIPGSPYRVVVP
P00390,MALLPRALSAGAGPSWRRAARAFRGFLLLLPEPAALTRALSRAMACRQEPQPQGPPPAAGAVASYDYLVIGGGSGGLASARRAAELGARAAVVESHKLGGTCVNVGCVPKKVMWNTAVHSEFMHDHADYGFPSCEGKFNWRVIKEKRDAYVSRLNAIYQNNLTKSHIEIIRGHAAFTSDPKPTIEVSGKKYTAPHILIATGGMPSTPHESQIPGASLGITSDGFFQLEELPGRSVIVGAGYIAVEMAGILSALGSKTSLMIRHDKVLRSFDSMISTNCTEELENAGVEVLKFSQVKEVKKTLSGLEVSMVTAVPGRLPVMTMIPDVDCLLWAIGRVPNTKDLSLNKLGIQTDDKGHIIVDEFQNTNVKGIYAVGDVCGKALLTPVAIAAGRKLAHRLFEYKEDSKLDYNNIPTVVFSHPPIGTVGLTEDEAIHKYGIENVKTYSTSFTPMYHAVTKRKTKCVMKMVCANKEEKVVGIHMQGLGCDEMLQGFAVAVKMGATKADFDNTVAIHPTSSEELVTLR,mitochondrion,MALLPRALSAGAGPSWRRAARAFRGFLLLLPEPAALTRALSRAMACRQEPQPQGPPPAAGAVASYDYLVIGGGSGGLASARRAAELGARAAVVESHKLGGTCVNVGCVPKKVMWNTAVHSEFMHDHADYGFPSCEGKFNWRVIKEKRDAYVSRLNAIYQNNLTKSHIEIIRGHAAFTSDPKPTIEVSGKKYTAPHILIATGGMPSTPHESQIPGASLGITSDGFFQLEELPGRSVIVGAGYIAVEMAGILSALGSKTSLMIRHDKVLRSFDSMISTNCTEELENAGVEVLKFSQVKEVKKTLSGLEVSMVTAVPGRLPVMTMIPDVDCLLWAIGRVPNTKDLSLNKLGIQTDDKGHIIVDEFQNTNVKGIYAVGDVCGKALLTPVAIAAGRKLAHRLFEYKEDSKLDYNNIPTVVFSHPPIGTVGLTEDEAIHKYGIENVKTYSTSFTPMYHAVTKRKTKCVMKMVCANKEEKVVGIHMQGLGCDEMLQGFAVAVKMGATKADFDNTVAIHPTSSEELVTLR
P10809,MLRLPTVFRQMRPVSRVLAPHLTRAYAKDVKFGADARALMLQGVDLLADAVAVTMGPKGRTVIIEQSWGSPKVTKDGVTVAKSIDLKDKYKNIGAKLVQDVANNTNEEAGDGTTTATVLARSIAKEGFEKISKGANPVEIRRGVMLAVDAVIAELKKQSKPVTTPEEIAQVATISANGDKEIGNIISDAMKKVGRKGVITVKDGKTLNDELEIIEGMKFDRGYISPYFINTSKGQKCEFQDAYVLLSEKKISSIQSIVPALEIANAHRKPLVIIAEDVDGEALSTLVLNRLKVGLQVVAVKAPGFGDNRKNQLKDMAIATGGAVFGEEGLTLNLEDVQPHDLGKVGEVIVTKDDAMLLKGKGDKAQIEKRIQEIIEQLDVTTSEYEKEKLNERLAKLSDGVAVLKVGGTSDVEVNEKKDRVTDALNATRAAVEEGIVLGGGCALLRCIPALDSLTPANEDQKIGIEIIKRTLKIPAMTIAKNAGVEGSLIVEKIMQSSSEVGYDAMAGDFVNMVEKGIIDPTKVVRTALLDAAGVASLLTTAEVVVTEIPKEEKDPGMGAMGGMGGGMGGGMF,mitochondrion,MLRLPTVFRQMRPVSRVLAPHLTRAYAKDVKFGADARALMLQGVDLLADAVAVTMGPKGRTVIIEQSWGSPKVTKDGVTVAKSIDLKDKYKNIGAKLVQDVANNTNEEAGDGTTTATVLARSIAKEGFEKISKGANPVEIRRGVMLAVDAVIAELKKQSKPVTTPEEIAQVATISANGDKEIGNIISDAMKKVGRKGVITVKDGKTLNDELEIIEGMKFDRGYISPYFINTSKGQKCEFQDAYVLLSEKKISSIQSIVPALEIANAHRKPLVIIAEDVDGEALSTLVLNRLKVGLQVVAVKAPGFGDNRKNQLKDMAIATGGAVFGEEGLTLNLEDVQPHDLGKVGEVIVTKDDAMLLKGKGDKAQIEKRIQEIIEQLDVTTSEYEKEKLNERLAKLSDGVAVLKVGGTSDVEVNEKKDRVTDALNATRAAVEEGIVLGGGCALLRCIPALDSLTPANEDQKIGIEIIKRTLKIPAMTIAKNAGVEGSLIVEKIMQSSSEVGYDAMAGDFVNMVEKGIIDPTKVVRTALLDAAGVASLLTTAEVVVTEIPKEEKDPGMGAMGGMGGGMGGGMF
P31930,MAASVVCRAATAGAQVLLRARRSPALLRTPALRSTATFAQALQFVPETQVSLLDNGLRVASEQSSQPTCTVGVWIDVGSRFETEKNNGAGYFLEHLAFKGTKNRPGSALEKEVESMGAHLNAYSTREHTAYYIKALSKDLPKAVELLGDIVQNCSLEDSQIEKERDVILREMQENDASMRDVVFNYLHATAFQGTPLAQAVEGPSENVRKLSRADLTEYLSTHYKAPRMVLAAAGGVEHQQLLDLAQKHLGGIPWTYAEDAVPTLTPCRFTGSEIRHRDDALPFAHVAIAVEGPGWASPDNVALQVANAIIGHYDCTYGGGVHLSSPLASGAVANKLCQSFQTFSICYAETGLLGAHFVCDRMKIDDMMFVLQGQWMRLCTSATESEVARGKNILRNALVSHLDGTTPVCEDIGRSLLTYGRRIPLAEWESRIAEVDASVVREICSKYIYDQCPAVAGYGPIEQLPDYNRIRSGMFWLRF,mitochondrion,MAASVVCRAATAGAQVLLRARRSPALLRTPALRSTATFAQALQFVPETQVSLLDNGLRVASEQSSQPTCTVGVWIDVGSRFETEKNNGAGYFLEHLAFKGTKNRPGSALEKEVESMGAHLNAYSTREHTAYYIKALSKDLPKAVELLGDIVQNCSLEDSQIEKERDVILREMQENDASMRDVVFNYLHATAFQGTPLAQAVEGPSENVRKLSRADLTEYLSTHYKAPRMVLAAAGGVEHQQLLDLAQKHLGGIPWTYAEDAVPTLTPCRFTGSEIRHRDDALPFAHVAIAVEGPGWASPDNVALQVANAIIGHYDCTYGGGVHLSSPLASGAVANKLCQSFQTFSICYAETGLLGAHFVCDRMKIDDMMFVLQGQWMRLCTSATESEVARGKNILRNALVSHLDGTTPVCEDIGRSLLTYGRRIPLAEWESRIAEVDASVVREICSKYIYDQCPAVAGYGPIEQLPDYNRIRSGMFWLRF
Q9Y6L7,MPRATALGALVSLLLLLPLPRGAGGLGERPDATADYSELDGEEGTEQQLEHYHDPCKAAVFWGDIALDEDDLKLFHIDKARDWTKQTVGATGHSTGGLEEQASESSPDTTAMDTGTKEAGKDGRENTTLLHSPGTLHAAAKTFSPRVRRATTSRTERIWPGGVIPYVIGGNFTGSQRAIFKQAMRHWEKHTCVTFIERTDEESFIVFSYRTCGCCSYVGRRGGGPQAISIGKNCDKFGIVAHELGHVVGFWHEHTRPDRDQHVTIIRENIQPGQEYNFLKMEAGEVSSLGETYDFDSIMHYARNTFSRGVFLDTILPRQDDNGVRPTIGQRVRLSQGDIAQARKLYKCPACGETLQDTTGNFSAPGFPNGYPSYSHCVWRISVTPGEKIVLNFTSMDLFKSRLCWYDYVEVRDGYWRKAPLLGRFCGDKIPEPLVSTDSRLWVEFRSSSNILGKGFFAAYEATCGGDMNKDAGQIQSPNYPDDYRPSKECVWRITVSEGFHVGLTFQAFEIERHDSCAYDYLEVRDGPTEESALIGHFCGYEKPEDVKSSSNRLWMKFVSDGSINKAGFAANFFKEVDECSWPDHGGCEHRCVNTLGSYKCACDPGYELAADKKMCEVACGGFITKLNGTITSPGWPKEYPTNKNCVWQVVAPAQYRISLQFEVFELEGNDVCKYDFVEVRSGLSPDAKLHGRFCGSETPEVITSQSNNMRVEFKSDNTVSKRGFRAHFFSDKDECAKDNGGCQHECVNTFGSYLCRCRNGYWLHENGHDCKEAGCAHKISSVEGTLASPNWPDKYPSRRECTWNISSTAGHRVKLTFNEFEIEQHQECAYDHLEMYDGPDSLAPILGRFCGSKKPDPTVASGSSMFLRFYSDASVQRKGFQAVHSTECGGRLKAEVQTKELYSHAQFGDNNYPSEARCDWVIVAEDGYGVELTFRTFEVEEEADCGYDYMEAYDGYDSSAPRLGRFCGSGPLEEIYSAGDSLMIRFRTDDTINKKGFHARYTSTKFQDALHMKK,mitochondrion,MPRATALGALVSLLLLLPLPRGAGGLGERPDATADYSELDGEEGTEQQLEHYHDPCKAAVFWGDIALDEDDLKLFHIDKARDWTKQTVGATGHSTGGLEEQASESSPDTTAMDTGTKEAGKDGRENTTLLHSPGTLHAAAKTFSPRVRRATTSRTERIWPGGVIPYVIGGNFTGSQRAIFKQAMRHWEKHTCVTFIERTDEESFIVFSYRTCGCCSYVGRRGGGPQAISIGKNCDKFGIVAHELGHVVGFWHEHTRPDRDQHVTIIRENIQPGQEYNFLKMEAGEVSSLGETYDFDSIMHYARNTFSRGVFLDTILPRQDDNGVRPTIGQRVRLSQGDIAQARKLYKCPACGETLQDTTGNFSAPGFPNGYPSYSHCVWRISVTPGEKIVLNFTSMDLFKSRLCWYDYVEVRDGYWRKAPLLGRFCGDKIPEPLVSTDSRLWVEFRSSSNILGKGFFAAYEATCGGDMNKDAGQIQSPNYPDDYRPSKECVWRITVSEGFHVGLTFQAFEIERHDSCAYDYLEVRDGPTEESALIGHFCGYEKPEDVKSSSNRLWMKFVSDGSINKAGFAANFFKEVDECSWPDHGGCEHRCVNTLGSYKCACDPGYELAADKKMCEVACGGFITKLNGTITSPGWPKEYPTNKNCVWQVVAPAQYRISLQFEVFELEGNDVCKYDFVEVRSGLSPDAKLHGRFCGSETPEVITSQSNNMRVEFKSDNTVSKRGFRAHFFSDKDECAKDNGGCQHECVNTFGSYLCRCRNGYWLHENGHDCKEAGCAHKISSVEGTLASPNWPDKYPSRRECTWNISSTAGHRVKLTFNEFEIEQHQECAYDHLEMYDGPDSLAPILGRFCGSKKPDPTVASGSSMFLRFYSDASVQRKGFQAVHSTECGGRLKAEVQTKELYSHAQFGDNNYPSEARCDWVIVAEDGYGVELTFRTFEVEEEADCGYDYMEAYDGYDSSAPRLGRFCGSGPLEEIYSAGDSLMIRFRTDDTINKKGFHARYTSTKFQDALHMKK
P05481,MSVYTTAQLLAVNEKKFKFDPLFLRIFFRETYPFSTEKVYLSQIPGLVNMALYVSPIVSGKVIRSRGGSTSEFTPGYVKPKHEVNPLMMTLRLPDEDPQNVADPVYRRRRIILQNMKDEELAIAQVEEKQAVSAVLSGKYTMTGEAFEPVEVDMGRSAGNNIVQAGAAAWSTRDKETYDPTDDIEAYALNARGVVNIIVFDPKGWALFRSFKAVEKKLDTRRGSNSELETAVKDLGMAVSYKGMFGDVAIVVYSGQYVENDVKKNYLPDLTMVLGNTQARGLRTYGCILDADAQREGIDASTRYPKNWVQLGDPVREFTMIQSAPLMLLPDPDAFVSVKLA,mitochondrion,MSVYTTAQLLAVNEKKFKFDPLFLRIFFRETYPFSTEKVYLSQIPGLVNMALYVSPIVSGKVIRSRGGSTSEFTPGYVKPKHEVNPLMMTLRLPDEDPQNVADPVYRRRRIILQNMKDEELAIAQVEEKQAVSAVLSGKYTMTGEAFEPVEVDMGRSAGNNIVQAGAAAWSTRDKETYDPTDDIEAYALNARGVVNIIVFDPKGWALFRSFKAVEKKLDTRRGSNSELETAVKDLGMAVSYKGMFGDVAIVVYSGQYVENDVKKNYLPDLTMVLGNTQARGLRTYGCILDADAQREGIDASTRYPKNWVQLGDPVREFTMIQSAPLMLLPDPDAFVSVKLA
P00403,MAHAAQVGLQDATSPIMEELITFHDHALMIIFLICFLVLYALFLTLTTKLTNTNISDAQEMETVWTILPAIILVLIALPSLRILYMTDEVNDPSLTIKSIGHQWYWTYEYTDYGGLIFNSYMLPPLFLEPGDLRLLDVDNRVVLPIEAPIRMMITSQDVLHSWAVPTLGLKTDAIPGRLNQTTFTATRPGVYYGQCSEICGANHSFMPIVLELIPLKIFEMGPVFTL,mitochondrion,MAHAAQVGLQDATSPIMEELITFHDHALMIIFLICFLVLYALFLTLTTKLTNTNISDAQEMETVWTILPAIILVLIALPSLRILYMTDEVNDPSLTIKSIGHQWYWTYEYTDYGGLIFNSYMLPPLFLEPGDLRLLDVDNRVVLPIEAPIRMMITSQDVLHSWAVPTLGLKTDAIPGRLNQTTFTATRPGVYYGQCSEICGANHSFMPIVLELIPLKIFEMGPVFTL
P00387,MGAQLSTLGHMVLFPVWFLYSLLMKLFQRSTPAITLESPDIKYPLRLIDREIISHDTRRFRFALPSPQHILGLPVGQHIYLSARIDGNLVVRPYTPISSDDDKGFVDLVIKVYFKDTHPKFPAGGKMSQYLESMQIGDTIEFRGPSGLLVYQGKGKFAIRPDKKSNPIIRTVKSVGMIAGGTGITPMLQVIRAIMKDPDDHTVCHLLFANQTEKDILLRPELEELRNKHSARFKLWYTLDRAPEAWDYGQGFVNEEMIRDHLPPPEEEPLVLMCGPPPMIQYACLPNLDHVGHPTERCFVF,mitochondrion,MGAQLSTLGHMVLFPVWFLYSLLMKLFQRSTPAITLESPDIKYPLRLIDREIISHDTRRFRFALPSPQHILGLPVGQHIYLSARIDGNLVVRPYTPISSDDDKGFVDLVIKVYFKDTHPKFPAGGKMSQYLESMQIGDTIEFRGPSGLLVYQGKGKFAIRPDKKSNPIIRTVKSVGMIAGGTGITPMLQVIRAIMKDPDDHTVCHLLFANQTEKDILLRPELEELRNKHSARFKLWYTLDRAPEAWDYGQGFVNEEMIRDHLPPPEEEPLVLMCGPPPMIQYACLPNLDHVGHPTERCFVF
P30084,MAALRVLLSCVRGPLRPPVRCPAWRPFASGANFEYIIAEKRGKNNTVGLIQLNRPKALNALCDGLIDELNQALKTFEEDPAVGAIVLTGGDKAFAAGADIKEMQNLSFQDCYSSKFLKHWDHLTQVKKPVIAAVNGYAFGGGCELAMMCDIIYAGEKAQFAQPEILIGTIPGAGGTQRLTRAVGKSLAMEMVLTGDRISAQDAKQAGLVSKICPVETLVEEAIQCAEKIASNSKIVVAMAKESVNAAFEMTLTEGSKLEKKLFYSTFATDDRKEGMTAFVEKRKANFKDQ,mitochondrion,MAALRVLLSCVRGPLRPPVRCPAWRPFASGANFEYIIAEKRGKNNTVGLIQLNRPKALNALCDGLIDELNQALKTFEEDPAVGAIVLTGGDKAFAAGADIKEMQNLSFQDCYSSKFLKHWDHLTQVKKPVIAAVNGYAFGGGCELAMMCDIIYAGEKAQFAQPEILIGTIPGAGGTQRLTRAVGKSLAMEMVLTGDRISAQDAKQAGLVSKICPVETLVEEAIQCAEKIASNSKIVVAMAKESVNAAFEMTLTEGSKLEKKLFYSTFATDDRKEGMTAFVEKRKANFKDQ
Q16790,MAPLCPSPWLPLLIPAPAPGLTVQLLLSLLLLVPVHPQRLPRMQEDSPLGGGSSGEDDPLGEEDLPSEEDSPREEDPPGEEDLPGEEDLPGEEDLPEVKPKSEEEGSLKLEDLPTVEAPGDPQEPQNNAHRDKEGDDQSHWRYGGDPPWPRVSPACAGRFQSPVDIRPQLAAFCPALRPLELLGFQLPPLPELRLRNNGHSVQLTLPPGLEMALGPGREYRALQLHLHWGAAGRPGSEHTVEGHRFPAEIHVVHLSTAFARVDEALGRPGGLAVLAAFLEEGPEENSAYEQLLSRLEEIAEEGSETQVPGLDISALLPSDFSRYFQYEGSLTTPPCAQGVIWTVFNQTVMLSAKQLHTLSDTLWGPGDSRLQLNFRATQPLNGRVIEASFPAGVDSSPRAAEPVQLNSCLAAGDILALVFGLLFAVTSVAFLVQMRRQHRRGTKGGVSYRPAEVAETGA,mitochondrion,MAPLCPSPWLPLLIPAPAPGLTVQLLLSLLLLVPVHPQRLPRMQEDSPLGGGSSGEDDPLGEEDLPSEEDSPREEDPPGEEDLPGEEDLPGEEDLPEVKPKSEEEGSLKLEDLPTVEAPGDPQEPQNNAHRDKEGDDQSHWRYGGDPPWPRVSPACAGRFQSPVDIRPQLAAFCPALRPLELLGFQLPPLPELRLRNNGHSVQLTLPPGLEMALGPGREYRALQLHLHWGAAGRPGSEHTVEGHRFPAEIHVVHLSTAFARVDEALGRPGGLAVLAAFLEEGPEENSAYEQLLSRLEEIAEEGSETQVPGLDISALLPSDFSRYFQYEGSLTTPPCAQGVIWTVFNQTVMLSAKQLHTLSDTLWGPGDSRLQLNFRATQPLNGRVIEASFPAGVDSSPRAAEPVQLNSCLAAGDILALVFGLLFAVTSVAFLVQMRRQHRRGTKGGVSYRPAEVAETGA
P22896,MEDTMHTIGKVATLAGVSTDTLRYYEKEHLIEPASRTAAGYRLYNDEAVRRIRFIKTAQHCGFSLSDIQELLTLKRTDSACCEDVRSVAIEKRLRIARKLRVLQAMSAALNDLIQSCEGGAA,mitochondrion,MEDTMHTIGKVATLAGVSTDTLRYYEKEHLIEPASRTAAGYRLYNDEAVRRIRFIKTAQHCGFSLSDIQELLTLKRTDSACCEDVRSVAIEKRLRIARKLRVLQAMSAALNDLIQSCEGGAA
Q9Y6N1,MGGLWRPGWRCVPFCGWRWIHPGSPTRAAERVEPFLRPEWSGTGGAERGLRWLGTWKRCSLRARHPALQPPRRPKSSNPFTRAQEEERRRQNKTTLTYVAAVAVGMLGASYAAVPLYRLYCQTTGLGGSAVAGHASDKIENMVPVKDRIIKISFNADVHASLQWNFRPQQTEIYVVPGETALAFYRAKNPTDKPVIGISTYNIVPFEAGQYFNKIQCFCFEEQRLNPQEEVDMPVFFYIDPEFAEDPRMIKVDLITLSYTFFEAKEGHKLPVPGYN,Golgi,MGGLWRPGWRCVPFCGWRWIHPGSPTRAAERVEPFLRPEWSGTGGAERGLRWLGTWKRCSLRARHPALQPPRRPKSSNPFTRAQEEERRRQNKTTLTYVAAVAVGMLGASYAAVPLYRLYCQTTGLGGSAVAGHASDKIENMVPVKDRIIKISFNADVHASLQWNFRPQQTEIYVVPGETALAFYRAKNPTDKPVIGISTYNIVPFEAGQYFNKIQCFCFEEQRLNPQEEVDMPVFFYIDPEFAEDPRMIKVDLITLSYTFFEAKEGHKLPVPGYN
Q15084,MALLVLGLVSCTFFLAVNGLYSSSDDVIELTPSNFNREVIQSDSLWLVEFYAPWCGHCQRLTPEWKKAATALKDVVKVGAVDADKHHSLGGQYGVQGFPTIKIFGSNKNRPEDYQGGRTGEAIVDAALSALRQLVKDRLGGRSGGYSSGKQGRSDSSSKKDVIELTDDSFDKNVLDSEDVWMVEFYAPWCGHCKNLEPEWAAAASEVKEQTKGKVKLAAVDATVNQVLASRYGIRGFPTIKIFQKGESPVDYDGGRTRSDIVSRALDLFSDNAPPPELLEIINEDIAKRTCEEHQLCVVAVLPHILDTGAAGRNSYLEVLLKLADKYKKKMWGWLWTEAGAQSELETALGIGGFGYPAMAAINARKMKFALLKGSFSEQGINEFLRELSFGRGSTAPVGGGAFPTIVEREPWDGRDGELPVEDDIDLSDVELDDLGKDEL,Golgi,MALLVLGLVSCTFFLAVNGLYSSSDDVIELTPSNFNREVIQSDSLWLVEFYAPWCGHCQRLTPEWKKAATALKDVVKVGAVDADKHHSLGGQYGVQGFPTIKIFGSNKNRPEDYQGGRTGEAIVDAALSALRQLVKDRLGGRSGGYSSGKQGRSDSSSKKDVIELTDDSFDKNVLDSEDVWMVEFYAPWCGHCKNLEPEWAAAASEVKEQTKGKVKLAAVDATVNQVLASRYGIRGFPTIKIFQKGESPVDYDGGRTRSDIVSRALDLFSDNAPPPELLEIINEDIAKRTCEEHQLCVVAVLPHILDTGAAGRNSYLEVLLKLADKYKKKMWGWLWTEAGAQSELETALGIGGFGYPAMAAINARKMKFALLKGSFSEQGINEFLRELSFGRGSTAPVGGGAFPTIVEREPWDGRDGELPVEDDIDLSDVELDDLGKDEL
Q9Y266,MGGEQEEERFDGMLLAMAQQHEGGVQELVNTFFSFLRRKTDFFIGGEEGMAEKLITQTFSHHNQLAQKTRREKRARQEAERREKAERAARLAKEAKSETSGPQIKELTDEEAERLQLEIDQKKDAENHEAQLKNGSLDSPGKQDTEEDEEEDEKDKGKLKPNLGNGADLPNYRWTQTLSELDLAVPFCVNFRLKGKDMVVDIQRRHLRVGLKGQPAIIDGELYNEVKVEESSWLIEDGKVVTVHLEKINKMEWWSRLVSSDPEINTKKINPENSKLSDLDSETRSMVEKMMYDQRQKSMGLPTSDEQKKQEILKKFMDQHPEMDFSKAKFN,Golgi,MGGEQEEERFDGMLLAMAQQHEGGVQELVNTFFSFLRRKTDFFIGGEEGMAEKLITQTFSHHNQLAQKTRREKRARQEAERREKAERAARLAKEAKSETSGPQIKELTDEEAERLQLEIDQKKDAENHEAQLKNGSLDSPGKQDTEEDEEEDEKDKGKLKPNLGNGADLPNYRWTQTLSELDLAVPFCVNFRLKGKDMVVDIQRRHLRVGLKGQPAIIDGELYNEVKVEESSWLIEDGKVVTVHLEKINKMEWWSRLVSSDPEINTKKINPENSKLSDLDSETRSMVEKMMYDQRQKSMGLPTSDEQKKQEILKKFMDQHPEMDFSKAKFN
P51810,MASPRLGTFCCPTRDAATQLVLSFQPRAFHALCLGSGGLRLALGLLQLLPGRRPAGPGSPATSPPASVRILRAAAACDLLGCLGMVIRSTVWLGFPNFVDSVSDMNHTEIWPAAFCVGSAMWIQLLYSACFWWLFCYAVDAYLVIRRSAGLSTILLYHIMAWGLATLLCVEGAAMLYYPSVSRCERGLDHAIPHYVTMYLPLLLVLVANPILFQKTVTAVASLLKGRQGIYTENERRMGAVIKIRFFKIMLVLIICWLSNIINESLLFYLEMQTDINGGSLKPVRTAAKTTWFIMGILNPAQGFLLSLAFYGWTGCSLGFQSPRKEIQWESLTTSAAEGAHPSPLMPHENPASGKVSQVGGQTSDEALSMLSEGSDASTIEIHTASESCNKNEGDPALPTHGDL,Golgi,MASPRLGTFCCPTRDAATQLVLSFQPRAFHALCLGSGGLRLALGLLQLLPGRRPAGPGSPATSPPASVRILRAAAACDLLGCLGMVIRSTVWLGFPNFVDSVSDMNHTEIWPAAFCVGSAMWIQLLYSACFWWLFCYAVDAYLVIRRSAGLSTILLYHIMAWGLATLLCVEGAAMLYYPSVSRCERGLDHAIPHYVTMYLPLLLVLVANPILFQKTVTAVASLLKGRQGIYTENERRMGAVIKIRFFKIMLVLIICWLSNIINESLLFYLEMQTDINGGSLKPVRTAAKTTWFIMGILNPAQGFLLSLAFYGWTGCSLGFQSPRKEIQWESLTTSAAEGAHPSPLMPHENPASGKVSQVGGQTSDEALSMLSEGSDASTIEIHTASESCNKNEGDPALPTHGDL
O75822,MAAAAAAAGDSDSWDADAFSVEDPVRKVGGGGTAGGDRWEGEDEDEDVKDNWDDDDDEKKEEAEVKPEVKISEKKKIAEKIKEKERQQKKRQEEIKKRLEEPEEPKVLTPEEQLADKLRLKKLQEESDLELAKETFGVNNAVYGIDAMNPSSRDDFTEFGKLLKDKITQYEKSLYYASFLEVLVRDVCISLEIDDLKKITNSLTVLCSEKQKQEKQSKAKKKKKGVVPGGGLKATMKDDLADYGGYDGGYVQDYEDFM,Golgi,MAAAAAAAGDSDSWDADAFSVEDPVRKVGGGGTAGGDRWEGEDEDEDVKDNWDDDDDEKKEEAEVKPEVKISEKKKIAEKIKEKERQQKKRQEEIKKRLEEPEEPKVLTPEEQLADKLRLKKLQEESDLELAKETFGVNNAVYGIDAMNPSSRDDFTEFGKLLKDKITQYEKSLYYASFLEVLVRDVCISLEIDDLKKITNSLTVLCSEKQKQEKQSKAKKKKKGVVPGGGLKATMKDDLADYGGYDGGYVQDYEDFM
Q8N488,MTMGDKKSPTRPKRQAKPAADEGFWDCSVCTFRNSAEAFKCSICDVRKGTSTRKPRINSQLVAQQVAQQYATPPPPKKEKKEKVEKQDKEKPEKDKEISPSVTKKNTNKKTKPKSDILKDPPSEANSIQSANATTKTSETNHTSRPRLKNVDRSTAQQLAVTVGNVTVIITDFKEKTRSSSTSSSTVTSSAGSEQQNQSSSGSESTDKGSSRSSTPKGDMSAVNDESF,Golgi,MTMGDKKSPTRPKRQAKPAADEGFWDCSVCTFRNSAEAFKCSICDVRKGTSTRKPRINSQLVAQQVAQQYATPPPPKKEKKEKVEKQDKEKPEKDKEISPSVTKKNTNKKTKPKSDILKDPPSEANSIQSANATTKTSETNHTSRPRLKNVDRSTAQQLAVTVGNVTVIITDFKEKTRSSSTSSSTVTSSAGSEQQNQSSSGSESTDKGSSRSSTPKGDMSAVNDESF
Q99460,MITSAAGIISLLDEDEPQLKEFALHKLNAVVNDFWAEISESVDKIEVLYEDEGFRSRQFAALVASKVFYHLGAFEESLNYALGAGDLFNVNDNSEYVETIIAKCIDHYTKQCVENADLPEGEKKPIDQRLEGIVNKMFQRCLDDHKYKQAIGIALETRRLDVFEKTILESNDVPGMLAYSLKLCMSLMQNKQFRNKVLRVLVKIYMNLEKPDFINVCQCLIFLDDPQAVSDILEKLVKEDNLLMAYQICFDLYESASQQFLSSVIQNLRTVGTPIASVPGSTNTGTVPGSEKDSDSMETEEKTSSAFVGKTPEASPEPKDQTLKMIKILSGEMAIELHLQFLIRNNNTDLMILKNTKDAVRNSVCHTATVIANSFMHCGTTSDQFLRDNLEWLARATNWAKFTATASLGVIHKGHEKEALQLMATYLPKDTSPGSAYQEGGGLYALGLIHANHGGDIIDYLLNQLKNASNDIVRHGGSLGLGLAAMGTARQDVYDLLKTNLYQDDAVTGEAAGLALGLVMLGSKNAQAIEDMVGYAQETQHEKILRGLAVGIALVMYGRMEEADALIESLCRDKDPILRRSGMYTVAMAYCGSGNNKAIRRLLHVAVSDVNDDVRRAAVESLGFILFRTPEQCPSVVSLLSESYNPHVRYGAAMALGICCAGTGNKEAINLLEPMTNDPVNYVRQGALIASALIMIQQTEITCPKVNQFRQLYSKVINDKHDDVMAKFGAILAQGILDAGGHNVTISLQSRTGHTHMPSVVGVLVFTQFWFWFPLSHFLSLAYTPTCVIGLNKDLKMPKVQYKSNCKPSTFAYPAPLEVPKEKEKEKVSTAVLSITAKAKKKEKEKEKKEEEKMEVDEAEKKEEKEKKKEPEPNFQLLDNPARVMPAQLKVLTMPETCRYQPFKPLSIGGIIILKDTSEDIEELVEPVAAHGPKIEEEEQEPEPPEPFEYIDD,Golgi,MITSAAGIISLLDEDEPQLKEFALHKLNAVVNDFWAEISESVDKIEVLYEDEGFRSRQFAALVASKVFYHLGAFEESLNYALGAGDLFNVNDNSEYVETIIAKCIDHYTKQCVENADLPEGEKKPIDQRLEGIVNKMFQRCLDDHKYKQAIGIALETRRLDVFEKTILESNDVPGMLAYSLKLCMSLMQNKQFRNKVLRVLVKIYMNLEKPDFINVCQCLIFLDDPQAVSDILEKLVKEDNLLMAYQICFDLYESASQQFLSSVIQNLRTVGTPIASVPGSTNTGTVPGSEKDSDSMETEEKTSSAFVGKTPEASPEPKDQTLKMIKILSGEMAIELHLQFLIRNNNTDLMILKNTKDAVRNSVCHTATVIANSFMHCGTTSDQFLRDNLEWLARATNWAKFTATASLGVIHKGHEKEALQLMATYLPKDTSPGSAYQEGGGLYALGLIHANHGGDIIDYLLNQLKNASNDIVRHGGSLGLGLAAMGTARQDVYDLLKTNLYQDDAVTGEAAGLALGLVMLGSKNAQAIEDMVGYAQETQHEKILRGLAVGIALVMYGRMEEADALIESLCRDKDPILRRSGMYTVAMAYCGSGNNKAIRRLLHVAVSDVNDDVRRAAVESLGFILFRTPEQCPSVVSLLSESYNPHVRYGAAMALGICCAGTGNKEAINLLEPMTNDPVNYVRQGALIASALIMIQQTEITCPKVNQFRQLYSKVINDKHDDVMAKFGAILAQGILDAGGHNVTISLQSRTGHTHMPSVVGVLVFTQFWFWFPLSHFLSLAYTPTCVIGLNKDLKMPKVQYKSNCKPSTFAYPAPLEVPKEKEKEKVSTAVLSITAKAKKKEKEKEKKEEEKMEVDEAEKKEEKEKKKEPEPNFQLLDNPARVMPAQLKVLTMPETCRYQPFKPLSIGGIIILKDTSEDIEELVEPVAAHGPKIEEEEQEPEPPEPFEYIDD
Q01850,MLAENLVEEFEMKEDEPWYDHQDLQQDLQLAAELGKTLLDRNTELEDSVQQMYTTNQEQLQEIEYLTKQVELLRQMNEQHAKVYEQLDVTARELEETNQKLVADSKASQQKILSLTETIECLQTNIDHLQSQVEELKSSGQGRRSPGKCDQEKPAPSFACLKELYDLRQHFVYDHVFAEKITSLQGQPSPDEEENEHLKKTVTMLQAQLSLERQKRVTMEEEYGLVLKENSELEQQLGATGAYRARALELEAEVAEMRQMLQSEHPFVNGVEKLVPDSLYVPFKEPSQSLLEEMFLTVPESHRKPLKRSSSETILSSLAGSDIVKGHEETCIRRAKAVKQRGISLLHEVDTQYSALKVKYEELLKKCQEEQDSLSHKAVQTSRAAAKDLTGVNAQSEPVASGWELASVNPEPVSSPTTPPEYKALFKEIFSCIKKTKQEIDEQRTKYRSLSSHS,Golgi,MLAENLVEEFEMKEDEPWYDHQDLQQDLQLAAELGKTLLDRNTELEDSVQQMYTTNQEQLQEIEYLTKQVELLRQMNEQHAKVYEQLDVTARELEETNQKLVADSKASQQKILSLTETIECLQTNIDHLQSQVEELKSSGQGRRSPGKCDQEKPAPSFACLKELYDLRQHFVYDHVFAEKITSLQGQPSPDEEENEHLKKTVTMLQAQLSLERQKRVTMEEEYGLVLKENSELEQQLGATGAYRARALELEAEVAEMRQMLQSEHPFVNGVEKLVPDSLYVPFKEPSQSLLEEMFLTVPESHRKPLKRSSSETILSSLAGSDIVKGHEETCIRRAKAVKQRGISLLHEVDTQYSALKVKYEELLKKCQEEQDSLSHKAVQTSRAAAKDLTGVNAQSEPVASGWELASVNPEPVSSPTTPPEYKALFKEIFSCIKKTKQEIDEQRTKYRSLSSHS
P50406,MVPEPGPTANSTPAWGAGPPSAPGGSGWVAAALCVVIALTAAANSLLIALICTQPALRNTSNFFLVSLFTSDLMVGLVVMPPAMLNALYGRWVLARGLCLLWTAFDVMCCSASILNLCLISLDRYLLILSPLRYKLRMTPLRALALVLGAWSLAALASFLPLLLGWHELGHARPPVPGQCRLLASLPFVLVASGLTFFLPSGAICFTYCRILLAARKQAVQVASLTTGMASQASETLQVPRTPRPGVESADSRRLATKHSRKALKASLTLGILLGMFFVTWLPFFVANIVQAVCDCISPGLFDVLTWLGYCNSTMNPIIYPLFMRDFKRALGRFLPCPRCPRERQASLASPSLRTSHSGPRPGLSLQQVLPLPLPPDSDSDSDAGSGGSSGLRLTAQLLLPGEATQDPPLPTRAAAAVNFFNIDPAEPELRPHPLGIPTN,Golgi,MVPEPGPTANSTPAWGAGPPSAPGGSGWVAAALCVVIALTAAANSLLIALICTQPALRNTSNFFLVSLFTSDLMVGLVVMPPAMLNALYGRWVLARGLCLLWTAFDVMCCSASILNLCLISLDRYLLILSPLRYKLRMTPLRALALVLGAWSLAALASFLPLLLGWHELGHARPPVPGQCRLLASLPFVLVASGLTFFLPSGAICFTYCRILLAARKQAVQVASLTTGMASQASETLQVPRTPRPGVESADSRRLATKHSRKALKASLTLGILLGMFFVTWLPFFVANIVQAVCDCISPGLFDVLTWLGYCNSTMNPIIYPLFMRDFKRALGRFLPCPRCPRERQASLASPSLRTSHSGPRPGLSLQQVLPLPLPPDSDSDSDAGSGGSSGLRLTAQLLLPGEATQDPPLPTRAAAAVNFFNIDPAEPELRPHPLGIPTN
Q13085,MDEPSPLAQPLELNQHSRFIIGSVSEDNSEDEISNLVKLDLLEEKEGSLSPASVGSDTLSDLGISSLQDGLALHIRSSMSGLHLVKQGRDRKKIDSQRDFTVASPAEFVTRFGGNKVIEKVLIANNGIAAVKCMRSIRRWSYEMFRNERAIRFVVMVTPEDLKANAEYIKMADHYVPVPGGPNNNNYANVELILDIAKRIPVQAVWAGWGHASENPKLPELLLKNGIAFMGPPSQAMWALGDKIASSIVAQTAGIPTLPWSGSGLRVDWQENDFSKRILNVPQELYEKGYVKDVDDGLQAAEEVGYPVMIKASEGGGGKGIRKVNNADDFPNLFRQVQAEVPGSPIFVMRLAKQSRHLEVQILADQYGNAISLFGRDCSVQRRHQKIIEEAPATIATPAVFEHMEQCAVKLAKMVGYVSAGTVEYLYSQDGSFYFLELNPRLQVEHPCTEMVADVNLPAAQLQIAMGIPLYRIKDIRMMYGVSPWGDSPIDFEDSAHVPCPRGHVIAARITSENPDEGFKPSSGTVQELNFRSNKNVWGYFSVAAAGGLHEFADSQFGHCFSWGENREEAISNMVVALKELSIRGDFRTTVEYLIKLLETESFQMNRIDTGWLDRLIAEKVQAERPDTMLGVVCGALHVADVSLRNSVSNFLHSLERGQVLPAHTLLNTVDVELIYEGVKYVLKVTRQSPNSYVVIMNGSCVEVDVHRLSDGGLLLSYDGSSYTTYMKEEVDRYRITIGNKTCVFEKENDPSVMRSPSAGKLIQYIVEDGGHVFAGQCYAEIEVMKMVMTLTAVESGCIHYVKRPGAALDPGCVLAKMQLDNPSKVQQAELHTGSLPRIQSTALRGEKLHRVFHYVLDNLVNVMNGYCLPDPFFSSKVKDWVERLMKTLRDPSLPLLELQDIMTSVSGRIPPNVEKSIKKEMAQYASNITSVLCQFPSQQIANILDSHAATLNRKSEREVFFMNTQSIVQLVQRYRSGIRGHMKAVVMDLLRQYLRVETQFQNGHYDKCVFALREENKSDMNTVLNYIFSHAQVTKKNLLVTMLIDQLCGRDPTLTDELLNILTELTQLSKTTNAKVALRARQVLIASHLPSYELRHNQVESIFLSAIDMYGHQFCIENLQKLILSETSIFDVLPNFFYHSNQVVRMAALEVYVRRAYIAYELNSVQHRQLKDNTCVVEFQFMLPTSHPNRGNIPTLNRMSFSSNLNHYGMTHVASVSDVLLDNSFTPPCQRMGGMVSFRTFEDFVRIFDEVMGCFSDSPPQSPTFPEAGHTSLYDEDKVPRDEPIHILNVAIKTDCDIEDDRLAAMFREFTQQNKATLVDHGIRRLTFLVAQKDFRKQVNYEVDRRFHREFPKFFTFRARDKFEEDRIYRHLEPALAFQLELNRMRNFDLTAIPCANHKMHLYLGAAKVEVGTEVTDYRFFVRAIIRHSDLVTKEASFEYLQNEGERLLLEAMDELEVAFNNTNVRTDCNHIFLNFVPTVIMDPSKIEESVRSMVMRYGSRLWKLRVLQAELKINIRLTPTGKAIPIRLFLTNESGYYLDISLYKEVTDSRTAQIMFQAYGDKQGPLHGMLINTPYVTKDLLQSKRFQAQSLGTTYIYDIPEMFRQSLIKLWESMSTQAFLPSPPLPSDMLTYTELVLDDQGQLVHMNRLPGGNEIGMVAWKMTFKSPEYPEGRDIIVIGNDITYRIGSFGPQEDLLFLRASELARAEGIPRIYVSANSGARIGLAEEIRHMFHVAWVDPEDPYKGYRYLYLTPQDYKRVSALNSVHCEHVEDEGESRYKITDIIGKEEGIGPENLRGSGMIAGESSLAYNEIITISLVTCRAIGIGAYLVRLGQRTIQVENSHLILTGAGALNKVLGREVYTSNNQLGGIQIMHNNGVTHCTVCDDFEGVFTVLHWLSYMPKSVHSSVPLLNSKDPIDRIIEFVPTKTPYDPRWMLAGRPHPTQKGQWLSGFFDYGSFSEIMQPWAQTVVVGRARLGGIPVGVVAVETRTVELSIPADPANLDSEAKIIQQAGQVWFPDSAFKTYQAIKDFNREGLPLMVFANWRGFSGGMKDMYDQVLKFGAYIVDGLRECCQPVLVYIPPQAELRGGSWVVIDSSINPRHMEMYADRESRGSVLEPEGTVEIKFRRKDLVKTMRRVDPVYIHLAERLGTPELSTAERKELENKLKEREEFLIPIYHQVAVQFADLHDTPGRMQEKGVISDILDWKTSRTFFYWRLRRLLLEDLVKKKIHNANPELTDGQIQAMLRRWFVEVEGTVKAYVWDNNKDLAEWLEKQLTEEDGVHSVIEENIKCISRDYVLKQIRSLVQANPEVAMDSIIHMTQHISPTQRAEVIRILSTMDSPST,Endoplasmic,MDEPSPLAQPLELNQHSRFIIGSVSEDNSEDEISNLVKLDLLEEKEGSLSPASVGSDTLSDLGISSLQDGLALHIRSSMSGLHLVKQGRDRKKIDSQRDFTVASPAEFVTRFGGNKVIEKVLIANNGIAAVKCMRSIRRWSYEMFRNERAIRFVVMVTPEDLKANAEYIKMADHYVPVPGGPNNNNYANVELILDIAKRIPVQAVWAGWGHASENPKLPELLLKNGIAFMGPPSQAMWALGDKIASSIVAQTAGIPTLPWSGSGLRVDWQENDFSKRILNVPQELYEKGYVKDVDDGLQAAEEVGYPVMIKASEGGGGKGIRKVNNADDFPNLFRQVQAEVPGSPIFVMRLAKQSRHLEVQILADQYGNAISLFGRDCSVQRRHQKIIEEAPATIATPAVFEHMEQCAVKLAKMVGYVSAGTVEYLYSQDGSFYFLELNPRLQVEHPCTEMVADVNLPAAQLQIAMGIPLYRIKDIRMMYGVSPWGDSPIDFEDSAHVPCPRGHVIAARITSENPDEGFKPSSGTVQELNFRSNKNVWGYFSVAAAGGLHEFADSQFGHCFSWGENREEAISNMVVALKELSIRGDFRTTVEYLIKLLETESFQMNRIDTGWLDRLIAEKVQAERPDTMLGVVCGALHVADVSLRNSVSNFLHSLERGQVLPAHTLLNTVDVELIYEGVKYVLKVTRQSPNSYVVIMNGSCVEVDVHRLSDGGLLLSYDGSSYTTYMKEEVDRYRITIGNKTCVFEKENDPSVMRSPSAGKLIQYIVEDGGHVFAGQCYAEIEVMKMVMTLTAVESGCIHYVKRPGAALDPGCVLAKMQLDNPSKVQQAELHTGSLPRIQSTALRGEKLHRVFHYVLDNLVNVMNGYCLPDPFFSSKVKDWVERLMKTLRDPSLPLLELQDIMTSVSGRIPPNVEKSIKKEMAQYASNITSVLCQFPSQQIANILDSHAATLNRKSEREVFFMNTQSIVQLVQRYRSGIRGHMKAVVMDLLRQYLRVETQFQNGHYDKCVFALREENKSDMNTVLNYIFSHAQVTKKNLLVTMLIDQLCGRDPTLTDELLNILTELTQLSKTTNAKVALRARQVLIASHLPSYELRHNQVESIFLSAIDMYGHQFCIENLQKLILSETSIFDVLPNFFYHSNQVVRMAALEVYVRRAYIAYELNSVQHRQLKDNTCVVEFQFMLPTSHPNRGNIPTLNRMSFSSNLNHYGMTHVASVSDVLLDNSFTPPCQRMGGMVSFRTFEDFVRIFDEVMGCFSDSPPQSPTFPEAGHTSLYDEDKVPRDEPIHILNVAIKTDCDIEDDRLAAMFREFTQQNKATLVDHGIRRLTFLVAQKDFRKQVNYEVDRRFHREFPKFFTFRARDKFEEDRIYRHLEPALAFQLELNRMRNFDLTAIPCANHKMHLYLGAAKVEVGTEVTDYRFFVRAIIRHSDLVTKEASFEYLQNEGERLLLEAMDELEVAFNNTNVRTDCNHIFLNFVPTVIMDPSKIEESVRSMVMRYGSRLWKLRVLQAELKINIRLTPTGKAIPIRLFLTNESGYYLDISLYKEVTDSRTAQIMFQAYGDKQGPLHGMLINTPYVTKDLLQSKRFQAQSLGTTYIYDIPEMFRQSLIKLWESMSTQAFLPSPPLPSDMLTYTELVLDDQGQLVHMNRLPGGNEIGMVAWKMTFKSPEYPEGRDIIVIGNDITYRIGSFGPQEDLLFLRASELARAEGIPRIYVSANSGARIGLAEEIRHMFHVAWVDPEDPYKGYRYLYLTPQDYKRVSALNSVHCEHVEDEGESRYKITDIIGKEEGIGPENLRGSGMIAGESSLAYNEIITISLVTCRAIGIGAYLVRLGQRTIQVENSHLILTGAGALNKVLGREVYTSNNQLGGIQIMHNNGVTHCTVCDDFEGVFTVLHWLSYMPKSVHSSVPLLNSKDPIDRIIEFVPTKTPYDPRWMLAGRPHPTQKGQWLSGFFDYGSFSEIMQPWAQTVVVGRARLGGIPVGVVAVETRTVELSIPADPANLDSEAKIIQQAGQVWFPDSAFKTYQAIKDFNREGLPLMVFANWRGFSGGMKDMYDQVLKFGAYIVDGLRECCQPVLVYIPPQAELRGGSWVVIDSSINPRHMEMYADRESRGSVLEPEGTVEIKFRRKDLVKTMRRVDPVYIHLAERLGTPELSTAERKELENKLKEREEFLIPIYHQVAVQFADLHDTPGRMQEKGVISDILDWKTSRTFFYWRLRRLLLEDLVKKKIHNANPELTDGQIQAMLRRWFVEVEGTVKAYVWDNNKDLAEWLEKQLTEEDGVHSVIEENIKCISRDYVLKQIRSLVQANPEVAMDSIIHMTQHISPTQRAEVIRILSTMDSPST
P49756,MSFPPHLNRPPMGIPALPPGIPPPQFPGFPPPVPPGTPMIPVPMSIMAPAPTVLVPTVSMVGKHLGARKDHPGLKAKENDENCGPTTTVFVGNISEKASDMLIRQLLAKCGLVLSWKRVQGASGKLQAFGFCEYKEPESTLRALRLLHDLQIGEKKLLVKVDAKTKAQLDEWKAKKKASNGNARPETVTNDDEEALDEETKRRDQMIKGAIEVLIREYSSELNAPSQESDSHPRKKKKEKKEDIFRRFPVAPLIPYPLITKEDINAIEMEEDKRDLISREISKFRDTHKKLEEEKGKKEKERQEIEKERRERERERERERERREREREREREREREKEKERERERERDRDRDRTKERDRDRDRERDRDRDRERSSDRNKDRSRSREKSRDREREREREREREREREREREREREREREREREREREKDKKRDREEDEEDAYERRKLERKLREKEAAYQERLKNWEIRERKKTREYEKEAEREEERRREMAKEAKRLKEFLEDYDDDRDDPKYYRGSALQKRLRDREKEMEADERDRKREKEELEEIRQRLLAEGHPDPDAELQRMEQEAERRRQPQIKQEPESEEEEEEKQEKEEKREEPMEEEEEPEQKPCLKPTLRPISSAPSVSSASGNATPNTPGDESPCGIIIPHENSPDQQQPEEHRPKIGLSLKLGASNSPGQPNSVKRKKLPVDSVFNKFEDEDSDDVPRKRKLVPLDYGEDDKNATKGTVNTEEKRKHIKSLIEKIPTAKPELFAYPLDWSIVDSILMERRIRPWINKKIIEYIGEEEATLVDFVCSKVMAHSSPQSILDDVAMVLDEEAEVFIVKMWRLLIYETEAKKIGLVK,Endoplasmic,MSFPPHLNRPPMGIPALPPGIPPPQFPGFPPPVPPGTPMIPVPMSIMAPAPTVLVPTVSMVGKHLGARKDHPGLKAKENDENCGPTTTVFVGNISEKASDMLIRQLLAKCGLVLSWKRVQGASGKLQAFGFCEYKEPESTLRALRLLHDLQIGEKKLLVKVDAKTKAQLDEWKAKKKASNGNARPETVTNDDEEALDEETKRRDQMIKGAIEVLIREYSSELNAPSQESDSHPRKKKKEKKEDIFRRFPVAPLIPYPLITKEDINAIEMEEDKRDLISREISKFRDTHKKLEEEKGKKEKERQEIEKERRERERERERERERREREREREREREREKEKERERERERDRDRDRTKERDRDRDRERDRDRDRERSSDRNKDRSRSREKSRDREREREREREREREREREREREREREREREREREREKDKKRDREEDEEDAYERRKLERKLREKEAAYQERLKNWEIRERKKTREYEKEAEREEERRREMAKEAKRLKEFLEDYDDDRDDPKYYRGSALQKRLRDREKEMEADERDRKREKEELEEIRQRLLAEGHPDPDAELQRMEQEAERRRQPQIKQEPESEEEEEEKQEKEEKREEPMEEEEEPEQKPCLKPTLRPISSAPSVSSASGNATPNTPGDESPCGIIIPHENSPDQQQPEEHRPKIGLSLKLGASNSPGQPNSVKRKKLPVDSVFNKFEDEDSDDVPRKRKLVPLDYGEDDKNATKGTVNTEEKRKHIKSLIEKIPTAKPELFAYPLDWSIVDSILMERRIRPWINKKIIEYIGEEEATLVDFVCSKVMAHSSPQSILDDVAMVLDEEAEVFIVKMWRLLIYETEAKKIGLVK
Q9Y3A4,MVARRRKCAARDPEDRIPSPLGYAAIPIKFSEKQQASHYLYVRAHGVRQGTKSTWPQKRTLFVLNVPPYCTEESLSRLLSTCGLVQSVELQEKPDLAESPKESRSKFFHPKPVPGFQVAYVVFQKPSGVSAALALKGPLLVSTESHPVKSGIHKWISDYADSVPDPEALRVEVDTFMEAYDQKIAEEEAKAKEEEGVPDEEGWVKVTRRGRRPVLPRTEAASLRVLERERRKRSRKELLNFYAWQHRESKMEHLAQLRKKFEEDKQRIELLRAQRKFRPY,Endoplasmic,MVARRRKCAARDPEDRIPSPLGYAAIPIKFSEKQQASHYLYVRAHGVRQGTKSTWPQKRTLFVLNVPPYCTEESLSRLLSTCGLVQSVELQEKPDLAESPKESRSKFFHPKPVPGFQVAYVVFQKPSGVSAALALKGPLLVSTESHPVKSGIHKWISDYADSVPDPEALRVEVDTFMEAYDQKIAEEEAKAKEEEGVPDEEGWVKVTRRGRRPVLPRTEAASLRVLERERRKRSRKELLNFYAWQHRESKMEHLAQLRKKFEEDKQRIELLRAQRKFRPY
P22681,MAGNVKKSSGAGGGSGSGGSGSGGLIGLMKDAFQPHHHHHHHLSPHPPGTVDKKMVEKCWKLMDKVVRLCQNPKLALKNSPPYILDLLPDTYQHLRTILSRYEGKMETLGENEYFRVFMENLMKKTKQTISLFKEGKERMYEENSQPRRNLTKLSLIFSHMLAELKGIFPSGLFQGDTFRITKADAAEFWRKAFGEKTIVPWKSFRQALHEVHPISSGLEAMALKSTIDLTCNDYISVFEFDIFTRLFQPWSSLLRNWNSLAVTHPGYMAFLTYDEVKARLQKFIHKPGSYIFRLSCTRLGQWAIGYVTADGNILQTIPHNKPLFQALIDGFREGFYLFPDGRNQNPDLTGLCEPTPQDHIKVTQEQYELYCEMGSTFQLCKICAENDKDVKIEPCGHLMCTSCLTSWQESEGQGCPFCRCEIKGTEPIVVDPFDPRGSGSLLRQGAEGAPSPNYDDDDDERADDTLFMMKELAGAKVERPPSPFSMAPQASLPPVPPRLDLLPQRVCVPSSASALGTASKAASGSLHKDKPLPVPPTLRDLPPPPPPDRPYSVGAESRPQRRPLPCTPGDCPSRDKLPPVPSSRLGDSWLPRPIPKVPVSAPSSSDPWTGRELTNRHSLPFSLPSQMEPRPDVPRLGSTFSLDTSMSMNSSPLVGPECDHPKIKPSSSANAIYSLAARPLPVPKLPPGEQCEGEEDTEYMTPSSRPLRPLDTSQSSRACDCDQQIDSCTYEAMYNIQSQAPSITESSTFGEGNLAAAHANTGPEESENEDDGYDVPKPPVPAVLARRTLSDISNASSSFGWLSLDGDPTTNVTEGSQVPERPPKPFPRRINSERKAGSCQQGSGPAASAATASPQLSSEIENLMSQGYSYQDIQKALVIAQNNIEMAKNILREFVSISSPAHVAT,Endoplasmic,MAGNVKKSSGAGGGSGSGGSGSGGLIGLMKDAFQPHHHHHHHLSPHPPGTVDKKMVEKCWKLMDKVVRLCQNPKLALKNSPPYILDLLPDTYQHLRTILSRYEGKMETLGENEYFRVFMENLMKKTKQTISLFKEGKERMYEENSQPRRNLTKLSLIFSHMLAELKGIFPSGLFQGDTFRITKADAAEFWRKAFGEKTIVPWKSFRQALHEVHPISSGLEAMALKSTIDLTCNDYISVFEFDIFTRLFQPWSSLLRNWNSLAVTHPGYMAFLTYDEVKARLQKFIHKPGSYIFRLSCTRLGQWAIGYVTADGNILQTIPHNKPLFQALIDGFREGFYLFPDGRNQNPDLTGLCEPTPQDHIKVTQEQYELYCEMGSTFQLCKICAENDKDVKIEPCGHLMCTSCLTSWQESEGQGCPFCRCEIKGTEPIVVDPFDPRGSGSLLRQGAEGAPSPNYDDDDDERADDTLFMMKELAGAKVERPPSPFSMAPQASLPPVPPRLDLLPQRVCVPSSASALGTASKAASGSLHKDKPLPVPPTLRDLPPPPPPDRPYSVGAESRPQRRPLPCTPGDCPSRDKLPPVPSSRLGDSWLPRPIPKVPVSAPSSSDPWTGRELTNRHSLPFSLPSQMEPRPDVPRLGSTFSLDTSMSMNSSPLVGPECDHPKIKPSSSANAIYSLAARPLPVPKLPPGEQCEGEEDTEYMTPSSRPLRPLDTSQSSRACDCDQQIDSCTYEAMYNIQSQAPSITESSTFGEGNLAAAHANTGPEESENEDDGYDVPKPPVPAVLARRTLSDISNASSSFGWLSLDGDPTTNVTEGSQVPERPPKPFPRRINSERKAGSCQQGSGPAASAATASPQLSSEIENLMSQGYSYQDIQKALVIAQNNIEMAKNILREFVSISSPAHVAT
Q96S16,MAPASRLLALWALAAVALPGSGAEGDGGWRPGGPGAVAEEERCTVERRADLTYAEFVQQYAFVRPVILQGLTDNSRFRALCSRDRLLASFGDRVVRLSTANTYSYHKVDLPFQEYVEQLLHPQDPTSLGNDTLYFFGDNNFTEWASLFRHYSPPPFGLLGTAPAYSFGIAGAGSGVPFHWHGPGYSEVIYGRKRWFLYPPEKTPEFHPNKTTLAWLRDTYPALPPSARPLECTIRAGEVLYFPDRWWHATLNLDTSVFISTFLG,Endoplasmic,MAPASRLLALWALAAVALPGSGAEGDGGWRPGGPGAVAEEERCTVERRADLTYAEFVQQYAFVRPVILQGLTDNSRFRALCSRDRLLASFGDRVVRLSTANTYSYHKVDLPFQEYVEQLLHPQDPTSLGNDTLYFFGDNNFTEWASLFRHYSPPPFGLLGTAPAYSFGIAGAGSGVPFHWHGPGYSEVIYGRKRWFLYPPEKTPEFHPNKTTLAWLRDTYPALPPSARPLECTIRAGEVLYFPDRWWHATLNLDTSVFISTFLG
Q96Q05,MSVPDYMQCAEDHQTLLVVVQPVGIVSEENFFRIYKRICSVSQISVRDSQRVLYIRYRHHYPPENNEWGDFQTHRKVVGLITITDCFSAKDWPQTFEKFHVQKEIYGSTLYDSRLFVFGLQGEIVEQPRTDVAFYPNYEDCQTVEKRIEDFIESLFIVLESKRLDRATDKSGDKIPLLCVPFEKKDFVGLDTDSRHYKKRCQGRMRKHVGDLCLQAGMLQDSLVHYHMSVELLRSVNDFLWLGAALEGLCSASVIYHYPGGTGGKSGARRFQGSTLPAEAANRHRPGAQEVLIDPGALTTNGINPDTSTEIGRAKNCLSPEDIIDKYKEAISYYSKYKNAGVIELEACIKAVRVLAIQKRSMEASEFLQNAVYINLRQLSEEEKIQRYSILSELYELIGFHRKSAFFKRVAAMQCVAPSIAEPGWRACYKLLLETLPGYSLSLDPKDFSRGTHRGWAAVQMRLLHELVYASRRMGNPALSVRHLSFLLQTMLDFLSDQEKKDVAQSLENYTSKCPGTMEPIALPGGLTLPPVPFTKLPIVRHVKLLNLPASLRPHKMKSLLGQNVSTKSPFIYSPIIAHNRGEERNKKIDFQWVQGDVCEVQLMVYNPMPFELRVENMGLLTSGVEFESLPAALSLPAESGLYPVTLVGVPQTTGTITVNGYHTTVFGVFSDCLLDNLPGIKTSGSTVEVIPALPRLQISTSLPRSAHSLQPSSGDEISTNVSVQLYNGESQQLIIKLENIGMEPLEKLEVTSKVLTTKEKLYGDFLSWKLEETLAQFPLQPGKVATFTINIKVKLDFSCQENLLQDLSDDGISVSGFPLSSPFRQVVRPRVEGKPVNPPESNKAGDYSHVKTLEAVLNFKYSGGPGHTEGYYRNLSLGLHVEVEPSVFFTRVSTLPATSTRQCHLLLDVFNSTEHELTVSTRSSEALILHAGECQRMAIQVDKFNFESFPESPGEKGQFANPKQLEEERREARGLEIHSKLGICWRIPSLKRSGEASVEGLLNQLVLEHLQLAPLQWDVLVDGQPCDREAVAACQVGDPVRLEVRLTNRSPRSVGPFALTVVPFQDHQNGVHNYDLHDTVSFVGSSTFYLDAVQPSGQSACLGALLFLYTGDFFLHIRFHEDSTSKELPPSWFCLPSVHVCALEAQA,Endoplasmic,MSVPDYMQCAEDHQTLLVVVQPVGIVSEENFFRIYKRICSVSQISVRDSQRVLYIRYRHHYPPENNEWGDFQTHRKVVGLITITDCFSAKDWPQTFEKFHVQKEIYGSTLYDSRLFVFGLQGEIVEQPRTDVAFYPNYEDCQTVEKRIEDFIESLFIVLESKRLDRATDKSGDKIPLLCVPFEKKDFVGLDTDSRHYKKRCQGRMRKHVGDLCLQAGMLQDSLVHYHMSVELLRSVNDFLWLGAALEGLCSASVIYHYPGGTGGKSGARRFQGSTLPAEAANRHRPGAQEVLIDPGALTTNGINPDTSTEIGRAKNCLSPEDIIDKYKEAISYYSKYKNAGVIELEACIKAVRVLAIQKRSMEASEFLQNAVYINLRQLSEEEKIQRYSILSELYELIGFHRKSAFFKRVAAMQCVAPSIAEPGWRACYKLLLETLPGYSLSLDPKDFSRGTHRGWAAVQMRLLHELVYASRRMGNPALSVRHLSFLLQTMLDFLSDQEKKDVAQSLENYTSKCPGTMEPIALPGGLTLPPVPFTKLPIVRHVKLLNLPASLRPHKMKSLLGQNVSTKSPFIYSPIIAHNRGEERNKKIDFQWVQGDVCEVQLMVYNPMPFELRVENMGLLTSGVEFESLPAALSLPAESGLYPVTLVGVPQTTGTITVNGYHTTVFGVFSDCLLDNLPGIKTSGSTVEVIPALPRLQISTSLPRSAHSLQPSSGDEISTNVSVQLYNGESQQLIIKLENIGMEPLEKLEVTSKVLTTKEKLYGDFLSWKLEETLAQFPLQPGKVATFTINIKVKLDFSCQENLLQDLSDDGISVSGFPLSSPFRQVVRPRVEGKPVNPPESNKAGDYSHVKTLEAVLNFKYSGGPGHTEGYYRNLSLGLHVEVEPSVFFTRVSTLPATSTRQCHLLLDVFNSTEHELTVSTRSSEALILHAGECQRMAIQVDKFNFESFPESPGEKGQFANPKQLEEERREARGLEIHSKLGICWRIPSLKRSGEASVEGLLNQLVLEHLQLAPLQWDVLVDGQPCDREAVAACQVGDPVRLEVRLTNRSPRSVGPFALTVVPFQDHQNGVHNYDLHDTVSFVGSSTFYLDAVQPSGQSACLGALLFLYTGDFFLHIRFHEDSTSKELPPSWFCLPSVHVCALEAQA
Q969X1,MSNPSAPPPYEDRNPLYPGPPPPGGYGQPSVLPGGYPAYPGYPQPGYGHPAGYPQPMPPTHPMPMNYGPGHGYDGEERAVSDSFGPGEWDDRKVRHTFIRKVYSIISVQLLITVAIIAIFTFVEPVSAFVRRNVAVYYVSYAVFVVTYLILACCQGPRRRFPWNIILLTLFTFAMGFMTGTISSMYQTKAVIIAMIITAVVSISVTIFCFQTKVDFTSCTGLFCVLGIVLLVTGIVTSIVLYFQYVYWLHMLYAALGAICFTLFLAYDTQLVLGNRKHTISPEDYITGALQIYTDIIYIFTFVLQLMGDRN,Endoplasmic,MSNPSAPPPYEDRNPLYPGPPPPGGYGQPSVLPGGYPAYPGYPQPGYGHPAGYPQPMPPTHPMPMNYGPGHGYDGEERAVSDSFGPGEWDDRKVRHTFIRKVYSIISVQLLITVAIIAIFTFVEPVSAFVRRNVAVYYVSYAVFVVTYLILACCQGPRRRFPWNIILLTLFTFAMGFMTGTISSMYQTKAVIIAMIITAVVSISVTIFCFQTKVDFTSCTGLFCVLGIVLLVTGIVTSIVLYFQYVYWLHMLYAALGAICFTLFLAYDTQLVLGNRKHTISPEDYITGALQIYTDIIYIFTFVLQLMGDRN
Q13509,MREIVHIQAGQCGNQIGAKFWEVISDEHGIDPSGNYVGDSDLQLERISVYYNEASSHKYVPRAILVDLEPGTMDSVRSGAFGHLFRPDNFIFGQSGAGNNWAKGHYTEGAELVDSVLDVVRKECENCDCLQGFQLTHSLGGGTGSGMGTLLISKVREEYPDRIMNTFSVVPSPKVSDTVVEPYNATLSIHQLVENTDETYCIDNEALYDICFRTLKLATPTYGDLNHLVSATMSGVTTSLRFPGQLNADLRKLAVNMVPFPRLHFFMPGFAPLTARGSQQYRALTVPELTQQMFDAKNMMAACDPRHGRYLTVATVFRGRMSMKEVDEQMLAIQSKNSSYFVEWIPNNVKVAVCDIPPRGLKMSSTFIGNSTAIQELFKRISEQFTAMFRRKAFLHWYTGEGMDEMEFTEAESNMNDLVSEYQQYQDATAEEEGEMYEDDEEESEAQGPK,Endoplasmic,MREIVHIQAGQCGNQIGAKFWEVISDEHGIDPSGNYVGDSDLQLERISVYYNEASSHKYVPRAILVDLEPGTMDSVRSGAFGHLFRPDNFIFGQSGAGNNWAKGHYTEGAELVDSVLDVVRKECENCDCLQGFQLTHSLGGGTGSGMGTLLISKVREEYPDRIMNTFSVVPSPKVSDTVVEPYNATLSIHQLVENTDETYCIDNEALYDICFRTLKLATPTYGDLNHLVSATMSGVTTSLRFPGQLNADLRKLAVNMVPFPRLHFFMPGFAPLTARGSQQYRALTVPELTQQMFDAKNMMAACDPRHGRYLTVATVFRGRMSMKEVDEQMLAIQSKNSSYFVEWIPNNVKVAVCDIPPRGLKMSSTFIGNSTAIQELFKRISEQFTAMFRRKAFLHWYTGEGMDEMEFTEAESNMNDLVSEYQQYQDATAEEEGEMYEDDEEESEAQGPK
P11021,MKLSLVAAMLLLLSAARAEEEDKKEDVGTVVGIDLGTTYSCVGVFKNGRVEIIANDQGNRITPSYVAFTPEGERLIGDAAKNQLTSNPENTVFDAKRLIGRTWNDPSVQQDIKFLPFKVVEKKTKPYIQVDIGGGQTKTFAPEEISAMVLTKMKETAEAYLGKKVTHAVVTVPAYFNDAQRQATKDAGTIAGLNVMRIINEPTAAAIAYGLDKREGEKNILVFDLGGGTFDVSLLTIDNGVFEVVATNGDTHLGGEDFDQRVMEHFIKLYKKKTGKDVRKDNRAVQKLRREVEKAKRALSSQHQARIEIESFYEGEDFSETLTRAKFEELNMDLFRSTMKPVQKVLEDSDLKKSDIDEIVLVGGSTRIPKIQQLVKEFFNGKEPSRGINPDEAVAYGAAVQAGVLSGDQDTGDLVLLDVCPLTLGIETVGGVMTKLIPRNTVVPTKKSQIFSTASDNQPTVTIKVYEGERPLTKDNHLLGTFDLTGIPPAPRGVPQIEVTFEIDVNGILRVTAEDKGTGNKNKITITNDQNRLTPEEIERMVNDAEKFAEEDKKLKERIDTRNELESYAYSLKNQIGDKEKLGGKLSSEDKETMEKAVEEKIEWLESHQDADIEDFKAKKKELEEIVQPIISKLYGSAGPPPTGEEDTAEKDEL,Endoplasmic,MKLSLVAAMLLLLSAARAEEEDKKEDVGTVVGIDLGTTYSCVGVFKNGRVEIIANDQGNRITPSYVAFTPEGERLIGDAAKNQLTSNPENTVFDAKRLIGRTWNDPSVQQDIKFLPFKVVEKKTKPYIQVDIGGGQTKTFAPEEISAMVLTKMKETAEAYLGKKVTHAVVTVPAYFNDAQRQATKDAGTIAGLNVMRIINEPTAAAIAYGLDKREGEKNILVFDLGGGTFDVSLLTIDNGVFEVVATNGDTHLGGEDFDQRVMEHFIKLYKKKTGKDVRKDNRAVQKLRREVEKAKRALSSQHQARIEIESFYEGEDFSETLTRAKFEELNMDLFRSTMKPVQKVLEDSDLKKSDIDEIVLVGGSTRIPKIQQLVKEFFNGKEPSRGINPDEAVAYGAAVQAGVLSGDQDTGDLVLLDVCPLTLGIETVGGVMTKLIPRNTVVPTKKSQIFSTASDNQPTVTIKVYEGERPLTKDNHLLGTFDLTGIPPAPRGVPQIEVTFEIDVNGILRVTAEDKGTGNKNKITITNDQNRLTPEEIERMVNDAEKFAEEDKKLKERIDTRNELESYAYSLKNQIGDKEKLGGKLSSEDKETMEKAVEEKIEWLESHQDADIEDFKAKKKELEEIVQPIISKLYGSAGPPPTGEEDTAEKDEL
